student_id,age,gender,study_hours_per_day,social_media_hours,netflix_hours,part_time_job,attendance_percentage,sleep_hours,diet_quality,exercise_frequency,parental_education_level,internet_quality,mental_health_rating,extracurricular_participation,exam_score
1000,23,Female,0,1.2,1.1,No,85,8,Fair,6,Master,Average,8,Yes,56.2
1001,20,Female,6.9,2.8,2.3,No,97.3,4.6,Good,6,High School,Average,8,No,100
1002,21,Male,1.4,3.1,1.3,No,94.8,8,Poor,1,High School,Poor,1,No,34.3
1003,23,Female,1,3.9,1,No,71,9.2,Poor,4,Master,Good,1,Yes,26.8
1004,19,Female,5,4.4,0.5,No,90.9,4.9,Fair,3,Master,Good,1,No,66.4
1005,24,Male,7.2,1.3,0,No,82.9,7.4,Fair,1,Master,Average,4,No,100
1006,21,Female,5.6,1.5,1.4,Yes,85.8,6.5,Good,2,Master,Poor,4,No,89.8
1007,21,Female,4.3,1,2,Yes,77.7,4.6,Fair,0,Bachelor,Average,8,No,72.6
1008,23,Female,4.4,2.2,1.7,No,100,7.1,Good,3,Bachelor,Good,1,No,78.9
1009,18,Female,4.8,3.1,1.3,No,95.4,7.5,Good,5,Bachelor,Good,10,Yes,100
1010,19,Female,4.6,3.7,0.8,No,77.6,5.8,Fair,1,None,Good,3,No,63.3
1011,23,Male,3.9,2.4,2.5,No,71.7,7.9,Fair,2,Bachelor,Average,1,No,74.4
1012,19,Female,3.7,2.1,0.4,Yes,81.1,4.5,Fair,1,Bachelor,Good,9,No,76.9
1013,19,Female,3.4,2.7,2.7,No,89.3,4.7,Fair,4,Bachelor,Good,10,No,75.8
1014,24,Male,2.4,1.5,0.7,No,87.4,6.7,Poor,6,Bachelor,Average,9,No,78.9
1015,21,Male,3.1,5,1,No,97.5,6.5,Good,6,High School,Average,7,No,74
1016,20,Male,1,0.6,0.2,No,92.9,5.6,Poor,3,High School,Poor,8,Yes,55.2
1017,24,Female,3.4,2.7,1.2,No,94.7,7.5,Poor,0,High School,Average,1,Yes,70.8
1018,24,Other,2,4.9,2.9,Yes,88.3,7.1,Good,2,High School,Good,5,No,43.9
1019,19,Male,1.8,2.5,2.4,No,71.1,7.5,Fair,1,High School,Average,2,No,45.3
1020,22,Female,3.8,2.3,2.9,No,83,6.4,Good,3,Master,Good,1,No,58.5
1021,21,Male,5.6,2.1,2.4,No,95.6,7.2,Fair,1,High School,Good,3,No,82.5
1022,18,Other,4.9,2.3,0.6,No,84.5,6,Fair,3,High School,Average,7,No,98.7
1023,24,Female,1.1,4.1,1.4,Yes,90,9,Fair,6,Bachelor,Good,1,No,43.7
1024,20,Female,2,0,0.9,Yes,81.8,5.5,Fair,4,Bachelor,Average,2,No,54.9
1025,22,Male,4.9,4.3,3.3,No,74.7,9,Fair,1,High School,Average,2,Yes,69.9
1026,22,Male,2,0.8,0.5,No,83.8,6.5,Good,4,Bachelor,Poor,4,No,73.5
1027,18,Male,3.2,2.2,2.8,Yes,88.1,4.8,Fair,5,Bachelor,Average,3,No,71.1
1028,24,Male,4.3,2,2.8,Yes,78.4,8.1,Good,5,High School,Poor,3,Yes,82.8
1029,20,Female,2,3.2,3.8,Yes,82.6,6.7,Poor,6,High School,Poor,10,Yes,75.7
1030,21,Female,3.7,0.6,1.3,No,75.6,7.5,Fair,2,Master,Average,5,No,70.6
1031,17,Other,1.5,3.1,2.6,Yes,96.2,8,Fair,4,Bachelor,Average,3,Yes,51.3
1032,20,Other,2.6,4.9,4.3,No,82.1,6.9,Good,3,Bachelor,Good,7,No,52.1
1033,18,Female,4,0.9,1.1,No,99.5,5.8,Poor,2,None,Average,5,No,70.7
1034,22,Female,1.1,2.7,0.1,No,100,7.7,Fair,1,High School,Good,4,No,51.2
1035,21,Female,4.2,1.7,0,Yes,84.2,6.5,Good,1,Bachelor,Average,3,No,72.6
1036,20,Female,3.5,3,2.6,No,74.9,7.3,Fair,3,High School,Good,4,No,70.7
1037,17,Male,4.3,2.5,0,Yes,64.1,3.9,Good,0,High School,Average,2,No,59.4
1038,17,Male,3.8,1.7,1.4,No,70.3,7,Poor,0,Bachelor,Good,1,No,58.1
1039,19,Male,5.5,3.1,2.3,No,71.3,5.7,Good,1,High School,Average,3,No,82.3
1040,19,Female,3.7,4.7,2,No,98.8,8.5,Good,6,Bachelor,Good,2,No,69.7
1041,23,Female,2.9,2.3,2.3,No,86.2,7.2,Good,6,Bachelor,Average,1,No,66
1042,18,Male,3.7,3.4,2,No,88.9,6.8,Fair,3,High School,Poor,1,Yes,63.5
1043,24,Female,4.3,0.9,3.2,No,62.8,7.1,Poor,0,Bachelor,Good,2,No,65.7
1044,20,Female,3.6,1.4,0.8,No,73,5.3,Good,4,High School,Poor,9,No,78.5
1045,20,Male,3.6,3.1,1.1,No,93.9,8.4,Fair,1,Bachelor,Average,5,Yes,75.1
1046,24,Male,2.4,4.3,1,No,87.9,8.9,Poor,5,High School,Average,9,Yes,71
1047,23,Female,2.5,2.9,2.7,No,83.5,7,Good,4,None,Good,8,Yes,59.7
1048,22,Female,1.4,2.1,2.8,No,90.6,8.4,Fair,3,Bachelor,Good,6,No,52.6
1049,22,Female,6.1,2.5,2.3,No,100,5.8,Poor,5,High School,Average,1,No,96.5
1050,23,Female,1.6,1,3.1,No,82.8,5.5,Fair,4,Master,Good,10,Yes,62
1051,22,Female,2.5,3.2,0.5,No,85.7,6.5,Poor,0,High School,Average,5,No,59.7
1052,19,Female,2.4,3.6,3.6,No,86.9,7,Fair,6,High School,Average,1,No,48.4
1053,20,Female,4.8,2,3.5,No,100,6,Good,0,Bachelor,Good,7,Yes,70.6
1054,23,Female,3.1,1.9,2.6,Yes,64,7.1,Fair,5,High School,Good,10,No,68.1
1055,20,Male,5.4,2.8,3.8,No,91.8,6.9,Good,2,High School,Good,8,No,87.2
1056,24,Male,2.5,2,0,No,83.9,5.3,Good,6,Bachelor,Average,8,No,66.7
1057,17,Male,3.9,2.4,1.2,No,90.7,7.1,Good,1,Bachelor,Average,7,Yes,75.2
1058,19,Female,2.2,5,1,No,78.4,7.5,Poor,5,Master,Average,2,Yes,46.4
1059,21,Female,6.7,2.2,2.6,No,84.5,6.7,Good,3,Master,Average,5,Yes,97.1
1060,19,Female,1.7,2.1,0.6,Yes,92.1,7.9,Fair,1,High School,Average,4,No,61.2
1061,23,Male,4,1.7,2.6,No,100,5,Fair,4,Bachelor,Good,5,No,75
1062,21,Male,4.5,3.4,3.3,Yes,93.1,7.1,Good,6,High School,Good,10,No,94.7
1063,17,Male,4.1,2.3,2.6,Yes,76.5,5.1,Fair,3,Bachelor,Average,9,No,77.6
1064,23,Male,3.2,1.7,2.1,No,80.8,5.2,Good,3,High School,Poor,4,Yes,68.6
1065,18,Female,3.3,4.1,0.7,No,80.5,5.7,Poor,0,Master,Good,8,No,69.6
1066,20,Male,3.6,4.2,0.9,No,67,5.4,Good,4,Bachelor,Average,8,No,66.5
1067,17,Male,3.3,1.8,3.2,No,81.7,5.8,Poor,0,Master,Good,2,No,62.2
1068,20,Female,4.9,0.3,2.7,Yes,92.3,6.2,Good,0,Bachelor,Poor,6,No,82.1
1069,22,Male,6.8,3.7,1.8,No,72.3,7.5,Poor,6,Master,Average,5,No,100
1070,18,Female,2.7,1.7,1.3,No,95.5,6.1,Poor,2,Bachelor,Good,2,Yes,59.7
1071,18,Female,1.4,3.4,0,No,89.9,4.6,Fair,0,High School,Poor,10,Yes,55.1
1072,17,Male,3.4,0.1,0.6,No,77.7,7.9,Fair,1,High School,Average,4,Yes,77.1
1073,18,Female,7.4,3.6,3.9,No,83.6,5.5,Fair,3,High School,Average,7,Yes,97.7
1074,21,Female,2.3,1,0.4,No,100,6.4,Fair,6,None,Good,1,No,66.9
1075,18,Female,6,3.4,2,Yes,92.3,7,Fair,0,Bachelor,Good,9,Yes,99.9
1076,20,Male,6,2.5,2.9,No,85.1,6.7,Poor,5,Bachelor,Average,10,Yes,100
1077,20,Female,2.7,1.4,0.4,No,82.6,7.8,Fair,1,Bachelor,Poor,1,No,57.2
1078,23,Female,4.4,2,2,Yes,85.8,7.1,Good,4,Master,Good,5,No,77.3
1079,20,Male,5.9,3.3,2.8,Yes,79.9,5.5,Good,3,Master,Average,7,No,91.6
1080,23,Male,2.9,2.6,1.8,No,64,9.1,Good,6,High School,Good,8,No,70.7
1081,20,Other,3.2,3.2,5,No,100,6.7,Good,5,High School,Poor,2,No,57.6
1082,21,Female,2.6,4.9,0,Yes,86.6,6.3,Fair,6,High School,Poor,4,No,60.2
1083,24,Male,2,0.6,3,No,89,7.7,Poor,6,High School,Good,2,Yes,50.5
1084,23,Female,2.5,4.4,1.6,No,84.4,6.8,Fair,5,Bachelor,Average,4,No,51.3
1085,19,Male,1.7,2.6,2.6,No,77.6,7,Good,4,Bachelor,Good,6,No,53.5
1086,22,Male,3.6,1.4,2.3,No,83.1,9.5,Good,5,Bachelor,Poor,6,No,79.2
1087,17,Male,2.3,0.9,1,No,69,6.2,Fair,1,Master,Average,2,Yes,47.2
1088,20,Male,3.9,2.3,2.1,No,100,6.1,Poor,6,Bachelor,Good,4,No,73.4
1089,18,Male,1.2,3.6,0,No,72.7,6.6,Poor,4,High School,Average,4,Yes,41.1
1090,24,Male,4,2.3,2.5,No,74.7,7.8,Fair,6,Bachelor,Good,1,No,77.8
1091,20,Female,4.8,4.3,2.1,No,80.6,4.7,Fair,5,High School,Average,2,No,63.4
1092,18,Male,0.5,0.8,2.5,Yes,97.9,4.1,Poor,4,High School,Good,3,No,43.9
1093,22,Male,4.1,2.5,3,No,85.1,5.8,Good,4,None,Good,5,No,70.2
1094,22,Female,5.3,1,2.2,No,72.6,4.5,Fair,0,High School,Average,8,No,81.3
1095,22,Male,1.7,2.9,2,No,97.5,6,Good,0,High School,Good,6,No,50.2
1096,18,Female,6,3.6,0.8,No,92.3,7.1,Good,0,High School,Good,3,No,87.9
1097,20,Male,4.1,2,1,No,90.4,5.4,Good,5,Bachelor,Average,6,No,80.9
1098,22,Male,2.4,0,3.1,No,92.2,4.8,Good,3,Bachelor,Good,7,Yes,63.9
1099,21,Male,3.4,2.7,3.4,No,100,6.6,Good,1,High School,Good,6,No,65.6
1100,23,Male,4.3,3,1.5,No,100,7.5,Good,5,None,Average,10,Yes,93.2
1101,18,Male,3.6,3,1.9,No,78.1,4.5,Good,6,Bachelor,Average,6,No,74
1102,18,Male,4.3,4,0.8,No,100,7.5,Fair,0,None,Average,1,No,60.8
1103,20,Male,2.1,1.2,3.1,No,88.8,7.5,Good,4,Master,Average,3,No,50.4
1104,18,Male,3.8,3.3,2.5,No,90,7.6,Good,5,Bachelor,Good,7,No,74.3
1105,18,Male,1.4,3.9,3.9,Yes,68.1,8,Good,4,High School,Average,4,Yes,32.8
1106,22,Male,3.3,0.4,0.8,No,83.3,9.1,Good,6,High School,Good,4,Yes,82.3
1107,20,Male,2.1,2.9,1.4,No,76.9,6.1,Fair,4,None,Average,7,No,60.4
1108,22,Female,2.4,1.9,2.1,No,93.3,6.6,Poor,4,High School,Average,9,Yes,60
1109,23,Female,5.4,2.4,2.5,No,95.7,6,Fair,2,High School,Good,2,No,77.5
1110,24,Male,5.1,2.9,1.6,No,64.3,6.5,Fair,3,Bachelor,Average,9,Yes,86.5
1111,23,Female,4.4,1.9,0.8,No,84.8,8.3,Good,1,High School,Average,3,No,76.9
1112,24,Female,1.9,1.7,2.8,No,96.2,4.9,Fair,1,Bachelor,Poor,6,Yes,43.9
1113,22,Male,3,2.5,2.6,No,83.1,5.5,Fair,0,Bachelor,Average,4,No,51.3
1114,23,Female,5.3,1.2,0.8,No,92.3,8.2,Fair,2,High School,Average,1,No,83.3
1115,20,Female,3.7,1.2,3.3,No,88.5,7.7,Poor,5,None,Good,9,No,82.7
1116,17,Male,7,3.3,3.1,No,88.4,6.1,Good,5,None,Average,6,Yes,94.8
1117,22,Male,4.1,1.1,1.9,No,82.3,7.5,Good,1,None,Good,8,No,80.8
1118,24,Female,3.8,3.3,1.9,No,72.8,6.9,Poor,3,Bachelor,Good,2,Yes,58.3
1119,21,Female,3,3.1,2.4,Yes,73.8,8.3,Fair,4,High School,Average,7,No,66.3
1120,24,Male,3.7,0.4,0.9,No,92.1,6.6,Fair,6,Bachelor,Average,6,No,87.9
1121,21,Male,3.3,1.7,1.8,No,85.2,7.7,Poor,0,High School,Good,2,No,60.5
1122,18,Male,4.6,3.9,0,No,83.6,9.7,Poor,3,High School,Good,2,No,84.8
1123,23,Female,4.9,1.3,2.8,No,80.8,7.2,Good,1,Bachelor,Average,4,No,77
1124,21,Female,2.3,1.9,0.1,No,81.9,6.6,Fair,2,Bachelor,Average,4,No,61.7
1125,24,Male,1.5,3.1,3.5,No,95.5,7.4,Fair,0,High School,Average,3,No,44
1126,18,Male,0.7,3.4,1.4,Yes,81.6,6.1,Poor,1,High School,Poor,8,No,42.4
1127,17,Female,4.3,2.2,1.6,No,71.6,9.4,Good,5,Bachelor,Good,7,No,88
1128,20,Male,1.8,1.8,1.1,No,92.4,6.7,Good,0,High School,Good,2,No,48.7
1129,20,Male,0.3,4.2,1.5,No,83,6.2,Good,1,High School,Average,3,Yes,26.8
1130,20,Female,4.1,4.6,3.4,No,85.3,5.5,Poor,5,Bachelor,Good,10,No,81.6
1131,21,Female,7.2,3.7,0,No,100,7.8,Good,6,High School,Good,9,No,100
1132,17,Female,3.5,2.6,3.2,Yes,84.8,7.5,Fair,5,Bachelor,Average,5,Yes,74
1133,21,Female,4.8,1.5,2.2,No,87.9,5.9,Fair,4,Bachelor,Poor,2,Yes,78.4
1134,23,Male,3.6,1.5,0.5,No,73.2,7.2,Fair,2,Bachelor,Good,3,No,70.7
1135,21,Male,3.4,3.1,0.6,No,82.8,4.7,Fair,4,Bachelor,Good,8,No,74.3
1136,17,Female,4.9,3,3.6,No,91.1,6.7,Good,1,Bachelor,Good,4,No,67.6
1137,17,Male,3.1,4.2,0.8,No,69.4,7,Good,6,Bachelor,Poor,2,No,64.7
1138,23,Male,3.9,3.3,0.5,No,87,8.5,Fair,3,Master,Average,2,No,64.1
1139,17,Male,4,0.7,3.1,No,86,5.6,Good,6,High School,Poor,6,No,83.5
1140,24,Male,2.5,3.8,2.2,No,85.4,5,Good,6,High School,Good,8,No,63.4
1141,17,Male,5,1.3,0.8,No,95.4,5.4,Good,6,Bachelor,Good,7,No,96.2
1142,20,Male,3.2,2,2,No,88.3,4.9,Fair,4,Bachelor,Poor,4,Yes,65.4
1143,24,Male,2.4,2.8,0.7,No,99.8,8.1,Fair,3,None,Good,2,No,62
1144,24,Male,4.3,4.9,3,No,75.1,8.4,Fair,5,Master,Good,9,Yes,74
1145,23,Female,2.2,6.2,3,No,86.4,6.9,Good,1,None,Good,4,No,46.7
1146,19,Female,3.5,3.2,2.4,No,85.8,8,Poor,2,Bachelor,Good,9,No,75.5
1147,19,Female,3.5,2.3,2.2,No,74.3,6.7,Fair,3,Bachelor,Poor,5,Yes,78.1
1148,17,Female,5.1,3.1,3.7,No,94.6,6.4,Fair,1,Master,Good,7,No,85.2
1149,24,Female,4.2,3.6,1.8,Yes,100,6.1,Fair,3,None,Poor,5,No,75.4
1150,19,Male,3.5,2.1,0.5,Yes,84.8,6.1,Good,4,Bachelor,Average,2,No,64.2
1151,19,Female,4.7,4.7,2.3,No,90.1,4.6,Good,1,High School,Good,6,No,69.7
1152,17,Female,5.6,2.8,4.1,No,85.8,6.8,Good,4,High School,Good,7,No,90.3
1153,19,Female,4.3,3.1,0.7,No,77.9,6.5,Good,0,None,Average,6,No,81.4
1154,21,Male,3.5,3.3,1.4,No,66.8,7.4,Fair,1,Bachelor,Good,3,No,65
1155,18,Male,1.5,3,2.3,No,77.9,6.6,Fair,3,High School,Good,10,No,57.3
1156,23,Male,1.9,3.5,1.7,Yes,71.1,6.3,Fair,0,High School,Good,8,No,57.7
1157,18,Male,3,1.8,0.7,No,100,5.5,Poor,4,Bachelor,Poor,3,No,56.7
1158,17,Female,2.6,1.8,3,No,83.8,6.6,Fair,4,Bachelor,Good,5,Yes,62.3
1159,20,Female,3.2,1.2,4.4,No,81.5,7.4,Good,3,Bachelor,Average,9,No,77.9
1160,23,Male,3.6,3,2,No,93.9,5.1,Fair,0,Master,Average,5,No,65.2
1161,17,Other,4.3,3.4,0.8,No,73.8,6.6,Good,6,High School,Average,7,No,76.8
1162,24,Female,3.4,3,0.1,No,77.3,6.8,Fair,5,Master,Average,7,No,83.8
1163,20,Male,4.2,4.5,2.1,No,85.7,5.6,Poor,2,Master,Good,5,No,70.6
1164,18,Male,3.6,2.5,3,No,95.3,5.8,Poor,3,High School,Average,2,Yes,63.1
1165,17,Male,0.5,3.3,2.3,No,90,6.8,Fair,4,High School,Good,5,No,39
1166,24,Male,2.1,1.2,1.8,No,87.5,5.1,Fair,1,High School,Average,7,No,66.7
1167,23,Male,3.3,2,1.2,Yes,85.8,6.9,Poor,0,High School,Good,7,No,72.2
1168,23,Male,1.7,3.3,0.6,No,89,5.4,Fair,5,Bachelor,Good,4,Yes,50.1
1169,22,Male,4.4,3.5,2.7,Yes,87,7.8,Fair,2,Bachelor,Good,1,No,62.4
1170,24,Male,5.8,2.1,2.8,No,74.7,9.3,Fair,1,Bachelor,Good,6,No,96.6
1171,21,Female,5.3,2.4,0.1,No,85.5,5.5,Good,0,Bachelor,Good,3,Yes,85.8
1172,19,Male,3.2,0.7,3.5,No,74.3,7.1,Good,5,High School,Good,5,No,68.3
1173,20,Female,5.7,2.1,2.4,No,85.8,5.6,Fair,3,Master,Good,4,Yes,83.8
1174,24,Male,3.7,3.6,3.3,Yes,80.2,7.7,Good,5,High School,Poor,2,No,69.3
1175,22,Other,3,3.2,0.3,No,100,5,Good,3,Master,Good,7,No,65.3
1176,19,Male,2.6,3.1,0.3,No,84.6,7.1,Good,6,High School,Average,5,Yes,77.5
1177,19,Male,3,2.6,1.6,No,71,5.5,Fair,0,Master,Average,7,Yes,55
1178,17,Other,2.9,2.5,2.4,Yes,83.7,6.3,Poor,5,None,Good,9,No,65.2
1179,19,Female,3.8,1.7,3.8,No,90.2,5.3,Good,2,High School,Average,4,No,58.1
1180,21,Female,3.7,3.3,2.6,Yes,100,7.5,Fair,5,None,Good,5,No,69.2
1181,23,Male,3.5,3,1.5,Yes,79.1,5.5,Good,0,Bachelor,Average,9,No,67.4
1182,22,Male,4.2,3.1,0.7,No,69.2,7.2,Good,1,Master,Poor,10,No,79.9
1183,19,Female,5.3,1.9,3.2,No,93.2,6.1,Fair,1,High School,Average,4,Yes,85.7
1184,17,Female,4.9,0,0.7,No,71.2,6.4,Fair,5,Master,Poor,5,No,96.2
1185,21,Female,1.3,3.8,3.6,Yes,80.6,6.7,Fair,5,Bachelor,Good,5,No,40.4
1186,18,Female,0,1.9,1.5,No,82.4,5.6,Fair,3,Bachelor,Average,8,No,55.2
1187,23,Male,4.9,1.5,3.5,No,84.3,6.8,Fair,0,Bachelor,Average,4,No,73.8
1188,23,Female,1.4,3.3,2.5,No,91.9,8.3,Fair,3,High School,Poor,4,Yes,46.5
1189,22,Male,3.2,2,1.6,No,78.2,5.6,Fair,2,High School,Average,7,Yes,60.5
1190,23,Male,1.7,3.8,1.2,No,82.3,7.9,Poor,6,Master,Good,5,No,55.4
1191,19,Male,0.8,3.2,1.4,No,84.9,8.3,Good,1,Master,Average,6,No,45.1
1192,17,Female,4.3,3.3,2.3,No,86.5,5.5,Poor,4,Master,Good,6,No,69.4
1193,23,Male,4.6,0.9,1.9,No,86,4.8,Good,4,Master,Good,6,No,81.3
1194,23,Male,2.6,4,1.1,No,89.4,6.9,Good,0,High School,Good,10,No,66.6
1195,18,Female,0,2.8,1.6,No,93.4,5.8,Fair,0,Bachelor,Good,5,No,26.7
1196,18,Male,2.7,2.1,1.9,No,88.9,8.7,Good,4,High School,Poor,5,No,64.5
1197,20,Female,4.1,2.7,0,No,89.5,6.5,Fair,0,Master,Average,9,Yes,87.1
1198,21,Male,1.3,0.4,2.3,Yes,69.2,5.5,Good,1,High School,Good,8,Yes,42.2
1199,19,Female,3.8,3,0.7,No,85.5,5.1,Fair,2,Bachelor,Good,4,No,61.6
1200,23,Female,3.5,1.3,0.5,No,89.8,7.8,Fair,2,Bachelor,Good,7,No,81.9
1201,24,Male,4.4,0.9,0,No,92.3,5.8,Fair,3,High School,Good,8,No,96.5
1202,23,Male,3.7,0.7,0,No,78.1,6.6,Fair,1,None,Average,9,No,85.1
1203,17,Male,2,3.8,0.3,No,78.4,7.6,Fair,6,Master,Poor,5,No,58.5
1204,20,Male,5.3,1.7,1,No,79.3,5.9,Fair,0,Bachelor,Good,3,Yes,78.4
1205,21,Other,3.3,4.3,3.9,No,90.4,6.4,Fair,0,High School,Good,4,No,56.4
1206,24,Male,3.5,1.9,1.2,No,95.3,6.5,Poor,6,Bachelor,Average,10,Yes,92.6
1207,20,Female,2.1,0.5,2,No,80.9,7.3,Poor,3,Bachelor,Good,6,Yes,62.3
1208,22,Male,2.8,1.2,2.2,Yes,94.1,7.2,Fair,3,High School,Average,10,No,75.8
1209,21,Female,2.2,4,1.9,No,86.2,6.2,Poor,0,High School,Average,5,Yes,47.1
1210,23,Female,3.2,2.3,1.7,Yes,83.8,6.6,Poor,0,Master,Good,9,No,66.3
1211,23,Female,6.1,1.8,0.5,No,82.9,6.1,Good,6,Bachelor,Good,3,Yes,98.3
1212,21,Male,1.4,2.7,3.4,No,92.5,4.7,Poor,1,Bachelor,Average,2,Yes,29.7
1213,23,Male,1.1,3.1,3.8,No,88.3,6.8,Good,6,Bachelor,Poor,6,No,45.5
1214,19,Male,5.7,3.8,0,No,100,8.8,Fair,3,None,Average,7,No,100
1215,21,Female,3.2,4.2,0.7,No,76.5,5.4,Good,6,High School,Good,5,Yes,67.5
1216,20,Female,2.5,2.1,1.5,No,90.2,5.6,Fair,6,High School,Average,1,Yes,60.3
1217,21,Other,5.1,0.9,0.7,No,79.7,5.5,Fair,6,High School,Good,3,No,87
1218,24,Male,2.6,2,2.4,No,76.3,7.4,Fair,1,Bachelor,Good,3,No,48.5
1219,23,Female,6.2,2.8,1,No,84.9,7,Fair,5,Master,Good,4,No,100
1220,19,Female,4.5,1.3,4.2,No,86.4,6.3,Fair,0,High School,Average,10,No,82.1
1221,19,Male,2.8,1.4,3.1,No,100,5.4,Poor,4,High School,Good,6,Yes,63.7
1222,22,Male,6.7,2.9,2,No,83.2,6.6,Good,6,Bachelor,Average,5,No,100
1223,20,Female,2.6,2.4,2.9,No,73.7,4.6,Fair,4,Master,Average,1,No,41.9
1224,18,Female,4.6,2.5,3,No,87.7,6.7,Fair,5,Bachelor,Poor,6,No,72.7
1225,18,Female,3.9,1.6,1.2,No,64.3,7.5,Good,0,Master,Average,9,Yes,74.3
1226,21,Male,5.5,2.2,0.9,Yes,84.1,5,Fair,3,Bachelor,Good,1,No,88.7
1227,22,Female,5.8,1.4,1.9,No,85.2,4.7,Good,4,Bachelor,Average,8,Yes,96.6
1228,17,Male,3.5,3.6,2.7,No,92.9,8.4,Fair,3,High School,Average,8,Yes,72.6
1229,21,Male,2.4,3.7,2,No,94.7,5.8,Good,4,High School,Good,3,Yes,52.4
1230,22,Male,4.2,0.3,0.1,No,80,7.9,Poor,3,High School,Poor,9,Yes,100
1231,20,Female,2.5,1.4,0.9,No,83.5,6.3,Good,6,Bachelor,Good,8,No,73.1
1232,20,Female,6.5,0.7,1.7,No,77.3,6.3,Good,4,Master,Average,3,No,100
1233,20,Female,3.7,1.7,1.7,No,73.7,7,Fair,3,Master,Poor,10,Yes,80.8
1234,20,Male,3,2.4,4,No,88.1,5.4,Poor,5,High School,Good,5,No,62.9
1235,20,Female,3.8,0.8,0.3,No,72.3,6.7,Fair,1,High School,Poor,3,No,71.5
1236,22,Male,1.5,1.4,2.4,No,80.9,6,Good,3,High School,Good,5,No,46.2
1237,22,Female,2,1.3,3.4,Yes,75,4.9,Fair,1,High School,Average,9,No,53.8
1238,19,Male,5.3,2.7,4.3,No,90.5,6.9,Fair,1,Bachelor,Poor,4,Yes,74.2
1239,24,Male,2.5,2.6,1.4,No,100,6.2,Poor,0,Master,Poor,6,No,52.5
1240,18,Male,1.9,1.6,2.3,No,72,6.3,Fair,6,Master,Poor,3,No,51.2
1241,23,Male,4.3,2.7,2.4,Yes,66.5,5,Fair,5,Bachelor,Poor,3,No,60.6
1242,20,Female,5.3,1.8,2,No,83.8,8.4,Good,1,Bachelor,Good,5,No,91.5
1243,17,Female,4.6,2.2,1.7,No,85.2,7.6,Fair,2,Bachelor,Average,8,No,87.3
1244,23,Male,5,4.5,2.3,No,87.2,7.7,Good,6,High School,Average,8,No,98
1245,22,Female,2.4,4.1,0,No,80.5,6.1,Fair,1,Bachelor,Average,3,Yes,47.9
1246,17,Male,1.4,0.9,2.6,Yes,83,4.4,Poor,3,Bachelor,Good,8,No,51
1247,17,Female,5.8,3.5,1.9,No,88.7,8.8,Fair,1,Bachelor,Good,8,Yes,90
1248,17,Female,3,3.5,1.6,No,95.4,6.4,Fair,3,High School,Good,3,No,54.1
1249,19,Female,3.1,1.1,4.1,No,65.4,5.6,Good,3,High School,Good,10,Yes,58.4
1250,22,Male,5.5,3.5,1.1,Yes,81.3,7,Good,2,High School,Average,10,No,100
1251,17,Female,4.3,4.3,1.4,No,87.1,7.9,Fair,1,Master,Average,2,No,65.2
1252,20,Female,4.2,1.2,4,No,75.8,6.5,Fair,1,High School,Good,10,No,85.3
1253,21,Male,6.7,1.4,0.9,No,100,8,Fair,4,Bachelor,Good,2,No,93.8
1254,17,Male,2.5,3.7,1.2,Yes,78.6,7.8,Good,6,Bachelor,Average,9,No,78.8
1255,19,Female,4.9,2.8,1.6,No,84.6,5.2,Good,4,High School,Average,7,No,85
1256,23,Female,3.6,3.2,2.7,No,90.6,5.7,Good,0,Bachelor,Good,6,No,64.5
1257,22,Female,3.9,2.9,2,No,79.1,7.6,Fair,3,Master,Good,7,No,71
1258,24,Female,5.8,3,0.4,No,66.5,3.2,Fair,2,High School,Average,8,No,90.8
1259,19,Female,4.3,0.9,1.2,No,80.7,6.3,Fair,4,Master,Good,1,No,72.6
1260,17,Male,4.3,3.8,1.1,No,95.3,4.8,Fair,1,High School,Average,8,No,70.9
1261,22,Male,5.1,3.9,1.7,Yes,81.6,5.9,Fair,0,None,Poor,3,Yes,65.1
1262,21,Male,3,2.2,2.3,No,76.5,6.1,Poor,2,Master,Average,3,No,49.1
1263,17,Female,2.2,2.4,2.3,Yes,94.3,6.1,Poor,5,Bachelor,Average,6,No,62.7
1264,19,Male,1.9,0.7,0,No,81.7,5.8,Good,1,Master,Poor,4,No,51.5
1265,18,Female,0.6,3.1,3,No,79.9,5.2,Good,1,Bachelor,Good,4,No,18.4
1266,20,Female,6.6,3.2,2.1,No,86.5,9.3,Fair,5,Master,Average,4,Yes,100
1267,24,Female,1.8,2.4,3.3,Yes,92.7,8.7,Fair,3,Bachelor,Good,10,No,53.3
1268,23,Male,3.2,3.8,2.3,No,100,5.1,Fair,3,Bachelor,Poor,9,No,76.1
1269,19,Female,3.1,2.1,3,No,93.3,8.4,Good,4,Bachelor,Average,8,No,85.6
1270,22,Male,4,3.2,2.3,Yes,96.6,6,Good,4,High School,Good,3,Yes,63
1271,24,Female,4.7,1.3,3.3,Yes,79.9,6.7,Good,1,Master,Good,1,No,73.6
1272,24,Male,4.8,2.5,2.4,Yes,74.7,6.4,Good,6,High School,Good,1,No,76.2
1273,24,Male,2.6,2.3,1.7,No,85.6,5.7,Fair,1,Bachelor,Good,1,Yes,45.5
1274,17,Female,3.2,2.8,4.3,No,86.1,7.7,Fair,4,High School,Average,4,Yes,58.6
1275,20,Male,3.9,2.1,2.8,No,74.2,6.7,Fair,5,Bachelor,Average,6,No,77.8
1276,17,Male,3.1,2.3,2.4,Yes,83.2,5.9,Fair,4,High School,Good,4,Yes,61.5
1277,22,Female,5.9,3.5,0.4,No,89,4.9,Good,1,None,Good,3,No,71.4
1278,17,Female,4.2,2,0.4,No,88.6,5.4,Fair,2,Master,Good,8,Yes,93.9
1279,18,Female,4.6,0.6,2.1,No,90,4.5,Poor,1,High School,Good,8,No,85.9
1280,20,Female,4.5,4.6,2,No,87.9,6.5,Fair,2,Bachelor,Good,6,No,73.8
1281,20,Female,5.3,4.2,1.1,Yes,79.9,5.1,Good,2,High School,Average,9,No,83.3
1282,22,Male,3.8,0.9,2,Yes,79.9,6.2,Fair,1,None,Good,10,No,79.7
1283,23,Male,1.6,3.3,3.5,Yes,73,8.1,Good,6,High School,Good,1,No,47.1
1284,18,Male,4.1,1.9,2.6,No,100,7.9,Fair,6,Bachelor,Good,8,No,91.9
1285,19,Female,2.5,2.8,0.5,Yes,85.1,6.5,Poor,0,None,Poor,6,Yes,60.6
1286,17,Female,2.7,2.9,1.7,No,82.8,6.4,Fair,4,Master,Average,1,No,46.6
1287,21,Male,4.4,2.2,0.9,No,75.7,8.8,Good,6,High School,Poor,4,Yes,84.2
1288,17,Male,5.4,1.6,1.4,No,100,7.1,Fair,3,High School,Average,5,No,95.5
1289,24,Female,3.5,1.7,1.3,No,74.3,6.1,Good,1,High School,Good,7,Yes,73.5
1290,17,Male,4,1.4,1.3,No,80.7,4.8,Fair,2,None,Poor,8,No,75.9
1291,19,Female,6.1,1.5,0.4,No,89.2,7,Poor,1,Bachelor,Average,9,No,100
1292,17,Female,3.9,2.4,1.7,Yes,91,7.5,Good,4,Master,Average,6,Yes,74.2
1293,18,Female,7.4,1.6,1.2,No,94.6,5.7,Fair,5,Bachelor,Good,10,Yes,100
1294,18,Male,4.3,3.3,0,No,100,6.8,Fair,6,High School,Average,9,No,94.9
1295,20,Female,0.9,4.3,4.1,No,90.1,6.1,Good,6,High School,Average,4,No,27.6
1296,22,Female,4.6,1.8,3,No,74.4,6.3,Fair,6,High School,Average,8,No,86.2
1297,23,Female,4.1,2.8,1.4,No,82.4,3.5,Good,2,Master,Average,3,No,60.1
1298,21,Female,5.4,3.1,1.8,No,88.1,6.2,Poor,3,High School,Average,4,Yes,91.3
1299,24,Female,4.5,3.1,0.5,No,100,7.7,Fair,3,Bachelor,Average,10,No,93.8
1300,17,Female,3.3,2.6,3.7,No,71,5.7,Poor,6,High School,Good,4,Yes,61.6
1301,17,Male,1.7,3.4,3.9,Yes,97,6.6,Good,3,High School,Average,6,No,41.7
1302,19,Female,3.2,3.1,2,No,86.8,5.6,Fair,5,High School,Poor,9,No,74.5
1303,22,Female,2.2,1,2.9,No,93.4,6.9,Good,6,None,Good,6,No,63.7
1304,18,Male,2.6,3.5,2,No,84,6.2,Good,0,Bachelor,Average,1,No,39.6
1305,21,Female,4.4,3.6,0.3,No,76.6,5.4,Fair,2,High School,Good,5,Yes,87.5
1306,20,Female,6,1.6,1.3,No,92.5,8.1,Fair,5,Bachelor,Average,9,No,100
1307,18,Female,4.1,2.5,1.9,Yes,91.5,7.6,Fair,2,None,Good,5,No,75.4
1308,24,Male,1.7,3.3,1.3,No,94.7,5.8,Fair,6,Master,Good,6,Yes,61.5
1309,22,Male,4.2,2.2,1.6,No,84.9,7.1,Fair,5,High School,Good,3,Yes,73.3
1310,24,Other,5.3,3.8,1.7,No,79,7.1,Good,6,Master,Average,8,No,96.3
1311,23,Female,2.6,5.3,1.7,Yes,69.4,7.3,Good,5,Bachelor,Average,10,No,67
1312,20,Male,3.3,1.6,1.9,No,93.2,4.5,Good,6,Master,Average,4,No,70.1
1313,23,Female,3.5,0.8,0.6,No,89.2,7.7,Good,0,High School,Good,4,No,84.2
1314,19,Female,2.3,2.9,1,No,75.3,5.8,Good,2,Bachelor,Good,5,Yes,48.9
1315,24,Female,4.5,3.4,0.4,No,79.6,6.1,Fair,5,High School,Poor,10,No,98.8
1316,19,Female,3.3,2.2,2.9,Yes,80.3,9.7,Good,0,High School,Poor,9,No,76.1
1317,17,Male,4.1,4.2,0,No,70.2,6.9,Good,1,High School,Average,8,Yes,80.4
1318,23,Male,2.2,0.9,3.1,No,76.8,6,Fair,6,High School,Poor,7,No,64.1
1319,22,Male,2.8,3.3,3.3,No,73.7,3.9,Good,4,Master,Average,5,Yes,59.4
1320,24,Female,4.6,1.8,1.5,No,80.9,8.2,Fair,5,None,Poor,9,Yes,94.2
1321,21,Male,2.9,4.6,0,Yes,77.6,4.9,Good,3,Bachelor,Good,9,Yes,67.8
1322,20,Male,6.1,4.9,1.4,No,68.7,5.3,Good,0,Bachelor,Good,10,No,96.1
1323,18,Male,2.9,1.6,1.7,No,100,6.1,Good,0,Bachelor,Good,10,No,70.2
1324,22,Female,3.8,1.8,0.7,No,97.5,8.2,Fair,5,Bachelor,Average,2,No,84.2
1325,22,Female,4.9,3.5,1.2,No,77.2,7.4,Good,0,High School,Good,4,No,75.4
1326,19,Male,1.4,2,3.5,No,87.7,6.3,Fair,1,Bachelor,Good,8,No,41.7
1327,23,Male,0.9,2.4,2.5,No,89.2,6.9,Fair,0,High School,Poor,1,No,23.1
1328,24,Female,1.2,2.5,0.8,Yes,96.9,5.8,Good,4,Master,Good,5,No,50.3
1329,24,Male,5.4,0.2,0,No,76.8,6.7,Fair,4,Bachelor,Average,8,No,100
1330,17,Male,2.7,2.5,1.4,No,95.9,6.6,Good,6,Master,Average,2,No,52.2
1331,17,Male,7.3,1.7,1.6,No,79.5,7.7,Fair,6,None,Average,2,Yes,100
1332,20,Male,2.7,1.9,2.3,No,71.6,7.7,Fair,3,High School,Poor,8,No,71.2
1333,19,Male,3.8,4.2,1.2,No,92.2,7.1,Good,1,High School,Good,10,No,72.3
1334,22,Female,5.8,1,2.4,No,97.9,6.1,Fair,4,None,Average,9,No,100
1335,24,Male,6.5,3.5,3.9,No,100,7.4,Poor,5,High School,Average,7,Yes,100
1336,21,Female,6.6,2.2,2.7,No,73,6.4,Good,2,Bachelor,Poor,8,Yes,100
1337,19,Male,5.3,2.2,1.7,No,92,5.2,Fair,2,High School,Good,5,No,93.1
1338,20,Female,5,3.4,1.6,Yes,80.9,6,Good,2,Bachelor,Average,1,Yes,67.7
1339,20,Female,4.4,2.9,1.4,No,92.8,6.6,Fair,6,Master,Good,4,Yes,77.9
1340,19,Male,4.7,3.2,3.1,Yes,70.3,7.6,Fair,5,Bachelor,Good,2,No,80.3
1341,20,Female,2.7,3.7,1.1,No,72.4,6.3,Fair,0,High School,Average,3,No,44.3
1342,19,Male,2.3,2.1,1.8,No,77.2,5,Fair,5,High School,Average,3,No,54.7
1343,18,Other,3.5,1.8,1.9,No,85.8,6.6,Fair,0,High School,Good,9,No,85
1344,19,Male,3.2,1.2,1.2,No,78.6,6.6,Fair,2,High School,Poor,10,Yes,81.7
1345,23,Male,2.8,1.5,0.3,No,91.6,6.7,Fair,3,Bachelor,Poor,4,No,71.6
1346,19,Male,4.5,6,2.2,Yes,95.3,7.6,Poor,3,High School,Good,2,Yes,73.7
1347,20,Other,4.9,4,1.7,No,91,7.7,Fair,0,Master,Average,3,No,77
1348,24,Female,3.6,0.9,2.4,No,100,5.8,Poor,2,Bachelor,Average,3,No,72.3
1349,23,Female,5.7,0.9,1.2,No,89.2,5.8,Poor,5,Bachelor,Average,7,No,100
1350,20,Male,1.8,3.1,3.1,No,72.8,5.3,Good,3,High School,Average,8,No,54
1351,17,Female,3.2,3.2,0.8,No,98.6,7.3,Good,0,High School,Good,6,No,70.4
1352,17,Male,2.4,3.2,3.7,No,78.9,8.2,Good,5,Bachelor,Good,4,Yes,47
1353,24,Female,0.7,2.2,0,No,94.1,6.1,Fair,2,High School,Good,6,No,48.7
1354,24,Male,3.4,2.3,2.3,No,100,6.2,Good,1,High School,Good,1,No,47.6
1355,23,Male,3.3,2.9,2.3,Yes,89.6,8.3,Good,2,High School,Average,10,No,81.1
1356,18,Male,5.8,2.6,0.9,Yes,70,7.1,Good,6,High School,Average,8,No,100
1357,24,Male,4.4,0,2.3,No,75.8,7,Fair,2,Bachelor,Average,1,No,81.9
1358,17,Female,2,2.2,3.2,No,98.2,5.1,Good,5,High School,Average,5,No,56.3
1359,19,Male,6.3,1.5,0,No,83.3,7.3,Good,5,Bachelor,Good,2,Yes,100
1360,20,Female,5.3,2.7,2.4,Yes,85.8,5.4,Good,4,High School,Good,6,No,81
1361,17,Male,4.4,6.1,0,No,92.6,5.1,Poor,4,Bachelor,Average,9,Yes,84.9
1362,17,Female,3.2,2.9,0.7,No,92,6.1,Fair,5,Master,Poor,5,No,67.9
1363,18,Male,2.1,2.1,3.6,No,87.8,5.8,Fair,5,Master,Poor,4,No,56.9
1364,23,Male,2.9,3.6,1.2,No,82.9,6.2,Fair,1,High School,Average,2,No,45.9
1365,23,Female,5.1,3.1,0.5,Yes,81.9,4.8,Good,1,None,Poor,3,No,76
1366,22,Male,6.3,3,1.6,No,93.6,7.7,Poor,2,High School,Average,6,Yes,94.8
1367,18,Male,5.8,3.2,4.1,No,90.5,7.9,Poor,6,Bachelor,Good,8,No,99.3
1368,19,Female,2.8,5,0,Yes,82.4,4.2,Fair,3,Bachelor,Good,8,No,71
1369,23,Female,1.8,1.1,0.6,Yes,95.8,7.7,Poor,6,Bachelor,Average,5,No,70.9
1370,20,Male,3.7,3.1,3.4,Yes,83.7,5.5,Fair,1,High School,Average,5,Yes,59.8
1371,24,Male,0.8,1.4,3.8,Yes,76.5,7.5,Good,2,Bachelor,Average,10,No,36
1372,18,Female,4,3.2,1.7,No,77.4,6.4,Fair,6,High School,Good,3,No,68.4
1373,24,Male,3.3,1.4,0.4,No,75.2,6.5,Poor,0,Bachelor,Good,7,Yes,72.9
1374,17,Male,2.8,2,4.1,Yes,82.3,6.3,Fair,4,High School,Good,6,No,57.3
1375,20,Male,1.1,2.1,3.6,Yes,97.3,8,Fair,6,Bachelor,Average,1,Yes,50.3
1376,20,Female,4.3,3.7,2.5,No,76.9,5,Poor,3,None,Good,4,No,65.7
1377,17,Female,2.7,3.6,0.9,No,86.9,7.2,Good,2,High School,Poor,6,Yes,67.9
1378,18,Male,1.7,1,1.7,No,78.4,7.8,Good,6,Bachelor,Good,6,No,63.6
1379,17,Male,0,2.6,1.6,No,82.4,7.4,Good,5,High School,Average,3,No,32.9
1380,24,Male,3.5,1.6,2.2,No,69.9,9.3,Good,0,Bachelor,Average,6,No,67.7
1381,22,Female,6.2,1,3.4,No,82.8,5.9,Poor,4,Bachelor,Good,10,No,100
1382,20,Male,6,2.2,2.8,Yes,83.1,7.6,Good,0,Bachelor,Average,6,No,96.8
1383,21,Male,2.8,2.1,0.6,No,90.4,6.4,Good,2,High School,Poor,9,Yes,71
1384,21,Female,2.6,5.4,3.3,No,87.2,8,Good,1,High School,Poor,9,No,59.8
1385,24,Male,4.2,3,2.1,No,73,6.5,Poor,4,Bachelor,Poor,2,No,64.2
1386,19,Female,2,0.8,2.6,No,95.8,6,Good,0,High School,Poor,4,No,45.2
1387,23,Male,4,1.8,3.4,No,87.1,8.1,Good,1,Bachelor,Poor,9,Yes,82.9
1388,17,Male,4.6,3.7,0.6,No,87,5.9,Good,3,High School,Average,4,Yes,73.2
1389,17,Male,5.3,5,1.8,No,84.9,4.8,Poor,2,High School,Average,8,No,79.6
1390,19,Female,3.3,0.6,1.2,Yes,79.8,5.9,Good,2,High School,Good,10,No,73
1391,19,Female,3.2,0.2,0.1,Yes,87.2,7.2,Good,4,None,Average,3,No,72.6
1392,24,Female,2.2,4.7,2.2,No,89.8,8.2,Good,0,High School,Poor,3,No,45.2
1393,24,Male,2.3,3,4.6,No,67.5,6.6,Fair,3,Bachelor,Average,9,No,51.8
1394,19,Female,3.2,1.5,0,No,79.6,8.1,Good,5,Bachelor,Good,10,No,92
1395,20,Male,4.1,3.1,1.8,No,82.5,4.9,Fair,4,High School,Good,8,No,77.8
1396,24,Male,4.9,0,2.5,Yes,87.6,6,Fair,5,Master,Average,1,No,97.2
1397,22,Female,2.3,2.5,1.9,Yes,96.9,6.2,Fair,4,Bachelor,Good,10,Yes,71.9
1398,24,Male,5.7,2.9,1.7,No,77.3,6.4,Good,0,Master,Good,2,Yes,69.1
1399,17,Male,3.1,3.6,0.4,No,80,6.6,Poor,3,Bachelor,Good,3,Yes,59.6
1400,24,Male,3.5,1.3,2.1,No,79.9,7.3,Fair,0,Bachelor,Good,2,No,60.4
1401,20,Male,2.4,2.6,1,No,77,6,Good,2,None,Good,3,Yes,48.3
1402,19,Male,0,1.4,0,No,81.5,6.7,Good,5,High School,Good,8,Yes,50.1
1403,17,Female,4.8,2.8,3.1,No,92.7,6.4,Fair,1,None,Good,6,No,74.9
1404,24,Male,4.6,1.4,2.9,Yes,74.5,5.4,Good,6,Bachelor,Average,7,Yes,85.6
1405,20,Female,3.1,2,1.9,No,89.3,6.4,Good,2,High School,Good,10,Yes,65.4
1406,22,Female,3.6,1.3,2.1,No,68,6.3,Poor,2,Bachelor,Good,10,Yes,82.4
1407,24,Male,4.3,3.3,3,No,79.4,6.3,Fair,5,High School,Poor,6,Yes,67.3
1408,20,Male,1.2,3.5,2,No,81.7,6.5,Poor,4,Bachelor,Good,1,No,34.3
1409,22,Male,2.7,2.2,2.8,No,100,6.6,Fair,2,High School,Average,3,No,53
1410,19,Female,4.7,2.5,1.5,No,82.3,6,Fair,6,High School,Average,1,No,78
1411,24,Male,1.6,0.8,3.2,Yes,63,8,Good,3,High School,Good,10,No,58.2
1412,22,Female,3.9,2.1,2.2,No,65,5.1,Good,2,High School,Average,9,No,73.7
1413,17,Male,1.5,2.4,2,Yes,85.3,5.6,Poor,3,High School,Average,9,No,60.3
1414,19,Female,4.2,5.6,0.4,No,91.1,9.8,Poor,0,Bachelor,Poor,5,Yes,78.7
1415,17,Male,3.4,1.2,2.1,Yes,88.8,5.3,Fair,4,None,Average,4,Yes,68.3
1416,21,Male,1.1,4.3,0.9,No,86.7,4.9,Fair,3,High School,Average,9,No,49.9
1417,18,Female,5.2,3.7,1.1,No,96.6,7.4,Fair,2,Bachelor,Average,9,Yes,100
1418,24,Female,2.4,2.8,0.9,No,79.6,4,Good,4,None,Average,3,Yes,54.7
1419,22,Male,2.3,4.6,0.6,No,93.9,6.2,Good,6,Master,Good,5,No,58.7
1420,18,Female,3.8,2.9,4.1,Yes,68.7,9.1,Fair,4,Master,Good,3,No,70.8
1421,18,Female,5.2,3,3.3,No,76,4.6,Good,3,None,Poor,10,Yes,87.1
1422,22,Female,2,2.4,3.9,No,66.9,4.1,Fair,3,High School,Good,2,Yes,29.5
1423,19,Female,3.6,4,0.5,No,82.3,4.7,Good,1,High School,Poor,1,No,53.2
1424,24,Male,4.1,3.8,1.9,Yes,84.5,7.6,Fair,1,Bachelor,Poor,10,No,73
1425,21,Male,4.5,1.7,0.4,No,86.1,7.8,Poor,4,Bachelor,Poor,2,Yes,71.1
1426,17,Male,3.8,0.9,1,No,85.6,5.9,Good,5,Bachelor,Good,8,No,80.9
1427,20,Female,2.9,2.3,0.8,Yes,75.7,7.3,Fair,5,Bachelor,Good,8,No,75.1
1428,17,Female,2.3,1.5,3.2,No,83.1,8.2,Good,1,High School,Average,3,No,52.4
1429,20,Male,3.6,2.4,1.4,No,70,8.6,Fair,2,Bachelor,Average,7,No,67.6
1430,17,Male,1.9,4,3,No,98.6,6.2,Poor,0,Bachelor,Average,7,Yes,35.7
1431,22,Female,0,2,2.5,No,82,3.7,Poor,4,Bachelor,Average,2,No,29.9
1432,21,Other,4.2,2.4,4.3,No,80.1,5.5,Fair,0,Master,Good,9,No,70.7
1433,24,Female,4.9,2.6,0.2,No,100,6,Good,1,Bachelor,Average,3,Yes,89.3
1434,20,Male,0,3.5,3.2,No,72.6,6.2,Fair,3,High School,Good,2,No,26.2
1435,24,Male,2,0,3.1,No,73.7,6.3,Good,6,High School,Average,3,Yes,58.3
1436,24,Male,4.4,1.8,0.7,No,74,7.8,Good,4,High School,Good,2,Yes,78.4
1437,24,Female,6.6,2.8,2.9,No,84.3,8,Good,1,None,Good,8,No,100
1438,23,Male,3.5,3.9,2.2,No,89.3,6.3,Fair,2,Master,Average,5,Yes,66.8
1439,19,Female,2.4,1.9,1.5,No,92.4,7.8,Good,6,High School,Good,3,No,63.8
1440,17,Male,3.2,0.2,0.9,No,100,6.9,Fair,4,Bachelor,Good,5,No,76.1
1441,24,Female,5.6,3.2,1,No,62.5,6.6,Fair,4,Bachelor,Average,8,No,82.7
1442,17,Female,2.5,1.7,4.1,No,91.1,7.6,Poor,5,None,Average,7,No,65
1443,24,Female,2.3,1.1,1.8,Yes,79.4,6.6,Fair,3,Master,Good,6,No,66.8
1444,20,Male,2.8,1.8,2.7,No,79.1,9,Poor,4,Master,Average,1,Yes,64.9
1445,19,Male,2.1,2.3,0.9,No,78.8,4.8,Good,3,Bachelor,Poor,10,No,63.1
1446,19,Male,3.7,1.8,0.9,Yes,75.9,5.9,Fair,1,High School,Average,1,No,56.3
1447,22,Female,5.9,0,3,No,100,6.3,Fair,2,High School,Good,1,Yes,93.6
1448,23,Female,4,3.6,0.3,No,93.4,7,Good,6,High School,Good,10,Yes,91.9
1449,22,Female,3.1,4,1.3,No,85.2,8,Fair,6,High School,Good,8,Yes,74
1450,22,Female,3.1,3.3,1.8,No,98.5,6.5,Fair,2,Bachelor,Average,8,No,62.7
1451,22,Female,1.2,1.1,1.9,No,69.9,4.8,Poor,4,Master,Poor,7,No,58.6
1452,22,Male,4.8,2.3,1.6,Yes,71.7,7.5,Good,4,Bachelor,Good,6,No,89.3
1453,22,Female,3.4,2.5,2.2,No,63.2,7.4,Poor,1,Master,Good,4,No,63.4
1454,21,Male,3.2,3.2,2.6,Yes,78,4.2,Fair,5,Bachelor,Poor,1,No,46.7
1455,19,Male,8.3,3.3,2.6,Yes,86.6,6.5,Fair,5,High School,Average,9,No,100
1456,22,Female,3.9,1.6,0.7,Yes,86,4.6,Good,5,Master,Poor,1,No,68.7
1457,24,Male,2.4,2.6,1.5,No,86.5,5.7,Good,3,High School,Good,4,No,58.9
1458,19,Male,2.9,3,3.1,No,70.9,5.4,Good,5,Master,Good,3,No,59
1459,19,Female,5.2,4.2,2.8,Yes,93,7.5,Poor,2,High School,Good,7,No,77.9
1460,18,Male,3.7,3.3,0.3,Yes,87.4,6.6,Fair,6,High School,Good,5,No,72.3
1461,21,Female,1.3,3.4,2.2,No,92.3,5,Fair,6,Master,Poor,5,No,49.7
1462,22,Male,4.9,2.6,0,Yes,66.1,7.6,Poor,3,Bachelor,Good,4,No,80.9
1463,17,Male,2.5,4.2,1.9,Yes,88.1,4.8,Fair,1,Master,Good,1,No,44.5
1464,20,Male,6.3,3,3.9,Yes,73.1,6.9,Fair,2,Master,Average,5,No,85.3
1465,23,Male,5.1,1.5,0.8,No,81,5.5,Fair,6,None,Good,4,No,83.2
1466,24,Female,2.8,4.2,0.9,No,90.3,6.1,Good,2,Bachelor,Average,10,No,59.7
1467,17,Male,5.4,3.3,2.6,No,85.9,7.1,Fair,6,High School,Good,8,No,98.1
1468,21,Female,3.6,2,0.1,No,76.5,7.1,Good,0,Bachelor,Good,2,Yes,66.8
1469,20,Male,4.8,1.9,1.1,No,85.1,8.1,Fair,1,Bachelor,Good,8,Yes,96.1
1470,21,Female,4.2,2.9,2.5,No,69.7,6.4,Fair,1,High School,Good,1,No,60.4
1471,24,Female,2.2,3.1,1.1,No,96.5,6.9,Fair,0,Bachelor,Poor,4,No,33.8
1472,19,Female,2.5,2.7,1.5,No,82.9,6,Poor,3,Bachelor,Average,3,No,56.1
1473,20,Male,5,2.9,2.6,No,96.2,6.7,Poor,6,High School,Average,5,No,80.6
1474,19,Male,3,4.5,2.3,Yes,79.7,7,Fair,6,Bachelor,Good,5,No,52.6
1475,24,Male,2.9,3.8,2.1,No,79.8,6.4,Good,6,Bachelor,Good,5,Yes,52.1
1476,17,Female,2.1,2.7,1.4,No,77.4,4.3,Good,5,Master,Good,4,Yes,39.9
1477,24,Male,4.1,3.6,2.2,No,93.8,6.9,Poor,5,High School,Poor,8,No,84
1478,17,Female,6.6,1.3,1.7,No,77.9,6.9,Good,5,High School,Good,3,Yes,97.7
1479,20,Female,1.9,3,2.3,No,91.4,5.7,Good,5,Bachelor,Good,4,No,43.3
1480,20,Male,3.5,4.7,1.3,Yes,81.2,5,Good,5,None,Good,1,No,55.9
1481,22,Female,5.6,2.2,1.6,No,65.2,8.3,Good,0,Master,Poor,7,No,84.6
1482,21,Male,3.4,1.5,0.7,No,79.3,7.1,Fair,1,None,Poor,1,No,67
1483,22,Male,4.2,1.7,1.8,No,73.2,6.2,Fair,3,Bachelor,Poor,2,No,76
1484,21,Female,1.9,1.2,0.9,No,85.3,5.1,Fair,2,Bachelor,Good,7,Yes,56.9
1485,22,Female,4.1,1.6,0.6,No,73.1,5.5,Fair,5,High School,Good,1,No,77.5
1486,19,Female,3.2,2.1,2.1,No,94.3,8.1,Fair,0,None,Good,3,No,69.4
1487,20,Male,5,0.8,2,No,84.1,6.7,Fair,6,Bachelor,Average,6,Yes,94.6
1488,17,Male,5.3,2.5,2.7,Yes,83.2,5.8,Good,3,Bachelor,Average,6,Yes,93.4
1489,21,Female,7.4,3.6,1.3,No,91.6,7.1,Good,3,High School,Good,6,Yes,100
1490,24,Female,4.4,1.4,2.2,No,94.6,5.5,Good,3,Master,Good,2,Yes,63.6
1491,21,Female,4,4.3,2.4,No,84.8,8.3,Good,0,High School,Good,2,No,53
1492,17,Male,3.8,3.1,2.3,No,77.3,8.1,Good,2,High School,Good,6,No,67.8
1493,22,Female,3,3.7,0.9,No,67.3,5.9,Poor,5,Bachelor,Average,10,No,73.9
1494,21,Male,4,1.7,2,No,78.1,5.7,Fair,3,High School,Good,5,No,66.5
1495,23,Male,3.1,3.5,2.2,No,78.8,3.4,Fair,0,Master,Good,7,No,49.9
1496,19,Female,3.8,1.2,1.8,No,86.1,4.7,Good,6,High School,Average,7,No,73.9
1497,20,Male,5.5,3.6,0,No,81.5,4.9,Fair,1,None,Average,5,No,80.3
1498,17,Female,2,2.7,2,No,91.9,6.7,Good,6,High School,Average,8,No,71.7
1499,20,Male,5.2,3.2,4.2,Yes,78.9,6.1,Poor,0,Bachelor,Poor,10,No,83.3
1500,23,Male,5.5,1.1,1.4,No,84.4,4.9,Fair,0,Bachelor,Good,6,No,84.5
1501,21,Female,3.3,1.4,1,No,96.8,6.2,Good,0,Bachelor,Poor,5,No,74.9
1502,21,Female,0.3,3.2,2.2,No,88.4,7.1,Poor,3,None,Average,4,Yes,34
1503,24,Female,2.6,1.4,2.1,Yes,84.4,7.1,Fair,0,High School,Average,7,No,63
1504,23,Female,5.4,3.1,3.1,No,79,4.2,Fair,1,Bachelor,Good,4,No,77.9
1505,17,Female,3.5,0.9,0.4,No,78.7,6.3,Fair,3,None,Average,5,Yes,72.9
1506,24,Female,2,3.5,2.6,No,76.5,4.8,Good,6,Master,Good,5,No,53.2
1507,19,Female,2.7,1,2.4,No,79.6,7.6,Fair,1,None,Poor,1,No,57.3
1508,24,Male,4.8,3.2,1.6,No,92.6,7.4,Fair,4,Bachelor,Poor,1,Yes,76.6
1509,18,Female,4.3,3.3,2.2,No,82.8,5.4,Poor,6,High School,Average,3,No,64.6
1510,17,Male,3.1,1.7,2.9,Yes,71.5,5.6,Good,0,Bachelor,Average,3,Yes,51.1
1511,18,Other,2.9,3.2,2.8,No,100,5.9,Fair,5,High School,Average,2,No,63
1512,23,Female,2.9,2.8,0.5,No,88.2,3.8,Good,5,None,Poor,2,Yes,61.6
1513,22,Male,2.1,1.9,2.7,Yes,70.9,6.9,Good,3,High School,Good,6,No,62.5
1514,18,Female,5.9,1.3,1.7,No,80.6,6.2,Fair,5,High School,Good,1,Yes,87.1
1515,19,Female,3,0.1,1.9,No,86.1,7.7,Good,6,High School,Poor,6,Yes,82.5
1516,24,Male,5.3,2.9,1.9,No,100,5.2,Good,3,Bachelor,Poor,5,Yes,80.9
1517,22,Female,5.8,0.6,1.6,No,73.9,5.8,Fair,6,Bachelor,Good,6,No,100
1518,24,Female,5,2.6,3.1,No,94.8,4.7,Poor,0,Bachelor,Good,5,No,79.6
1519,18,Male,2.9,2.2,1.7,Yes,99,5.3,Good,2,Bachelor,Average,7,No,71.2
1520,24,Female,4.1,3.3,0.6,Yes,78.7,5.1,Good,2,Bachelor,Good,1,No,62.7
1521,23,Male,3.5,2.1,1.4,No,82.2,7.7,Fair,1,High School,Good,3,No,64.2
1522,22,Female,2.1,2.1,2,No,74.6,5.7,Fair,0,High School,Good,6,Yes,44.1
1523,23,Other,4,3.4,3.2,No,83,6.6,Good,5,High School,Average,1,No,61.7
1524,18,Female,1.7,2.9,2.5,No,84.6,6,Good,0,Bachelor,Average,7,Yes,39.9
1525,23,Male,5.3,2.9,0.9,No,91.6,5,Good,4,High School,Poor,4,No,84.1
1526,19,Female,2.8,3.1,4.5,No,95.9,6.3,Fair,2,None,Good,3,No,40.7
1527,18,Female,3.8,0.7,2.1,No,77.5,7.2,Good,5,Bachelor,Good,10,No,81.8
1528,18,Male,3.9,3.4,3.2,No,65.3,5.1,Fair,6,High School,Average,9,Yes,77
1529,18,Female,3.1,3.2,1.6,No,84.8,7.5,Fair,6,Master,Good,1,No,65.7
1530,17,Male,4.4,1.3,2.4,No,87.9,5.5,Good,2,Master,Good,8,Yes,80.9
1531,24,Female,2.8,2.2,2.7,No,87.5,5.9,Good,0,None,Good,1,Yes,47.4
1532,17,Male,4.8,2.5,3.1,Yes,81.7,7.1,Fair,5,High School,Good,5,Yes,83
1533,17,Male,1.5,2.3,3,No,86.2,5.7,Fair,1,High School,Good,10,No,54.2
1534,19,Male,3.7,2.9,2.8,No,100,6.5,Good,6,Bachelor,Average,8,No,82.5
1535,22,Female,6.4,4.2,1.5,Yes,88.8,6.1,Fair,0,High School,Good,6,No,85
1536,24,Male,2,3.8,1.2,No,81.3,6.7,Good,1,Bachelor,Good,7,Yes,40.4
1537,23,Female,2.5,0.9,2.2,Yes,80,3.6,Good,5,Bachelor,Average,8,No,58.9
1538,21,Male,4.3,3.2,2.8,No,83.3,4.3,Poor,2,High School,Poor,6,No,67.5
1539,18,Male,3.8,4.1,1.6,No,100,7.2,Good,4,None,Good,6,Yes,81
1540,23,Female,4,3,3,No,83.2,7.7,Good,3,Bachelor,Average,6,Yes,74.7
1541,18,Female,4.2,3.8,3.4,Yes,84.8,5.4,Good,2,High School,Good,5,No,67.4
1542,19,Male,4.5,4.9,0.8,No,80.2,6.2,Good,1,Bachelor,Poor,8,No,72.2
1543,18,Female,5.2,3.7,0.9,No,96,6.9,Good,0,High School,Poor,2,No,77.1
1544,17,Female,4.1,2.8,1.6,No,100,7.3,Poor,6,Bachelor,Average,7,No,87.9
1545,24,Female,3.1,3.8,2.1,No,89.5,4.1,Fair,5,Master,Average,4,Yes,54.1
1546,21,Male,4.5,2.7,1.2,Yes,85.8,5.4,Good,2,Master,Good,1,Yes,62.9
1547,20,Male,6.3,2.5,3.3,No,85.4,6.1,Fair,6,High School,Good,5,No,95.6
1548,18,Female,3.3,2.1,2.3,No,61.2,7.3,Poor,6,High School,Poor,3,No,67.1
1549,23,Male,2,4.4,1.8,No,92.5,9.5,Good,4,Bachelor,Average,4,No,51.5
1550,17,Female,5.2,1.5,0.2,Yes,86.3,6.2,Good,5,High School,Average,7,No,97.9
1551,20,Female,3.3,4.3,0.4,Yes,89.3,4.8,Poor,1,High School,Average,5,No,67
1552,21,Female,0.2,3.1,2.1,Yes,77.9,7,Good,5,Master,Good,4,Yes,31.5
1553,20,Female,4.8,0.8,0,No,81.2,8.1,Good,5,High School,Average,1,No,88
1554,17,Other,2.7,2.9,2.9,No,80.9,6.6,Fair,0,None,Poor,6,No,53.4
1555,24,Male,3.4,0,1.6,No,95.2,5.4,Good,3,None,Average,10,Yes,83.4
1556,24,Female,4,3.3,5.4,No,81.2,7.6,Fair,6,Bachelor,Poor,6,No,79
1557,22,Male,3.8,3.6,4.3,No,100,7.3,Poor,1,Bachelor,Poor,7,Yes,69.9
1558,24,Male,4.6,1.8,1.6,No,89.3,5.3,Fair,0,High School,Average,1,Yes,60.1
1559,22,Female,2.8,2.6,1.7,No,72.2,7,Fair,6,High School,Good,4,No,70.3
1560,20,Female,4.3,4.8,2.9,Yes,83.7,7.7,Fair,3,High School,Good,9,No,79.8
1561,19,Other,3.1,1.9,3.7,No,78.5,7.9,Good,0,Bachelor,Good,10,Yes,66.6
1562,23,Female,4.6,1.2,0,No,63.1,6.4,Good,3,None,Average,6,No,91.7
1563,23,Male,4.4,4.3,0,Yes,100,6.1,Fair,3,Master,Average,2,No,70.1
1564,20,Male,2.1,4.9,1.1,No,92,8,Good,3,High School,Average,4,No,61.5
1565,18,Female,5.1,2.5,2.4,No,90.3,5,Poor,0,Master,Good,6,No,79.3
1566,18,Male,2.7,3.7,2.3,No,86.7,7,Poor,5,High School,Good,4,Yes,63.9
1567,24,Male,4.7,4.1,3,No,71.2,4.9,Good,3,Bachelor,Poor,10,Yes,93.1
1568,23,Male,4.1,1.6,0.5,No,80.2,7.8,Poor,5,High School,Poor,7,Yes,89.8
1569,23,Male,6.3,1.9,0,No,93.4,6.2,Fair,6,None,Good,3,Yes,100
1570,22,Male,3.2,4,2.7,No,74.5,8,Good,6,Master,Good,6,Yes,61.8
1571,19,Male,3,4.5,0.9,No,59.7,7.1,Fair,1,Master,Good,4,Yes,51.5
1572,17,Male,3.5,3.2,0,No,82.7,5,Good,4,High School,Good,3,No,60.4
1573,18,Male,3,1.4,2,No,83.6,8.2,Fair,5,Bachelor,Good,3,No,67.2
1574,23,Other,4.7,4.9,2.7,No,86.4,8.4,Poor,6,Bachelor,Average,2,No,89.6
1575,22,Male,1.1,1.9,1.7,No,92.3,7.6,Fair,4,Master,Good,3,Yes,48.3
1576,21,Male,1.9,2.1,1.3,No,91.4,5.6,Fair,3,High School,Good,10,No,61.7
1577,22,Female,1.9,2.9,1.6,Yes,87.6,6.1,Fair,4,Bachelor,Good,1,Yes,44.4
1578,18,Male,4.9,4.4,1.4,Yes,97,6.7,Fair,4,High School,Average,3,No,77.2
1579,18,Female,6.1,3.5,0.3,Yes,69.8,5.7,Good,3,High School,Average,9,Yes,100
1580,22,Female,3.3,3,1,No,90,8.5,Good,5,Master,Average,4,No,73
1581,17,Male,3.2,3.1,2.4,No,91.3,6.7,Fair,3,High School,Average,3,No,68.5
1582,20,Male,3.6,2.6,2.2,No,72.6,3.3,Fair,1,High School,Good,8,No,61
1583,18,Female,5.2,3.2,2,No,70,6.9,Fair,2,Bachelor,Poor,1,Yes,70.5
1584,22,Female,2.1,0,0.7,No,77.5,6.1,Good,0,Bachelor,Average,5,No,52.5
1585,23,Male,3.9,2.1,1.6,No,78.4,6.4,Good,3,High School,Good,1,No,62.8
1586,22,Female,5,2.8,0,Yes,92.5,6.1,Fair,3,High School,Poor,7,Yes,83.5
1587,19,Male,4.3,1.1,2,No,78.9,7.5,Good,4,Master,Average,5,No,71.4
1588,20,Other,3.8,3,3.4,No,76.4,7.8,Fair,1,High School,Average,2,No,61.5
1589,21,Male,5,2.3,0.2,No,78.9,6.8,Poor,6,Bachelor,Good,1,No,75.4
1590,17,Female,0,4.6,1.2,No,96.2,6.1,Poor,6,Bachelor,Average,7,No,42
1591,24,Female,4.5,4.4,2.2,No,85.1,6.5,Fair,4,High School,Good,1,No,64
1592,21,Female,2.5,1.9,3.2,Yes,83.2,6.5,Fair,5,Master,Average,3,No,60.1
1593,20,Female,0.8,2.3,1.3,Yes,83.9,5.5,Poor,3,Bachelor,Good,6,No,34.7
1594,20,Male,4.3,2.4,1,Yes,97.9,7.2,Good,3,High School,Average,6,No,88
1595,20,Male,5.6,2,0,No,77.5,7.1,Fair,4,Bachelor,Average,7,No,100
1596,21,Male,3.3,2.7,1.9,No,98.2,8.3,Fair,3,Bachelor,Poor,1,No,66.1
1597,23,Male,4.9,1.6,4,No,87.1,8,Fair,5,Bachelor,Poor,7,No,95.5
1598,20,Female,5.9,1.1,2.1,Yes,83.4,5.7,Poor,2,Master,Average,2,Yes,86.4
1599,22,Male,5.5,3.2,1.8,No,100,7.5,Fair,0,High School,Poor,6,No,77.3
1600,21,Male,6,3.3,2.2,No,74.4,5.4,Fair,0,High School,Average,8,Yes,90.2
1601,24,Other,4.6,1.5,1.8,No,81.5,7.3,Fair,0,High School,Good,5,Yes,80.2
1602,20,Female,3.6,3.6,0.9,No,72.7,5.9,Poor,2,None,Average,10,Yes,72.9
1603,22,Female,1.1,1.7,2.7,No,94.5,5.3,Fair,3,None,Average,3,No,35.8
1604,23,Other,3.1,2.8,2,No,100,6.8,Poor,4,Master,Good,8,Yes,72.8
1605,19,Male,2.2,3.5,1.8,No,100,3.3,Good,6,Bachelor,Good,8,No,67.6
1606,23,Male,6.8,2.5,0.7,No,97.2,4.4,Good,1,Bachelor,Poor,4,No,93.1
1607,24,Female,3.2,3,3.2,No,83,6.3,Poor,3,Bachelor,Average,8,Yes,57.5
1608,20,Female,3.7,1.9,2.5,No,81.3,6.6,Fair,2,Bachelor,Good,5,Yes,61.1
1609,24,Male,4.3,2.3,1.2,No,68.3,6.1,Poor,5,High School,Poor,5,No,77.4
1610,21,Female,3.6,2.3,2.9,No,100,4.6,Fair,2,Master,Good,3,No,69.6
1611,18,Male,6,1.6,1.3,No,89.7,5.5,Fair,6,High School,Poor,7,No,100
1612,20,Male,2.6,2.3,0.9,No,80.1,7,Fair,0,Master,Good,9,No,69.3
1613,18,Female,3.8,0.6,1,No,98.3,7.2,Fair,3,Bachelor,Average,9,No,85.7
1614,22,Female,2.4,1.9,0,No,75.3,6.5,Good,6,High School,Good,1,No,53.9
1615,19,Female,1.5,2.2,2.3,No,89.1,7.9,Fair,0,Bachelor,Average,1,No,43.7
1616,17,Male,2.6,2.2,0,No,83.3,7,Fair,1,Bachelor,Good,10,No,79.3
1617,24,Female,3.4,2.2,0.4,No,91.4,5.6,Fair,5,High School,Poor,5,No,71.3
1618,23,Male,2.9,2.4,0,No,84.4,6.2,Good,0,Bachelor,Average,1,Yes,61.4
1619,19,Male,2.5,3.1,1.7,No,70.5,4.8,Good,1,High School,Good,4,No,45.1
1620,20,Female,1.4,3.5,1.6,No,85.8,6.4,Fair,2,None,Average,1,No,39.8
1621,18,Female,3.4,1.7,1.4,No,95.5,7.8,Good,0,Master,Good,2,No,70.7
1622,23,Female,1.2,1.1,0.7,No,84.7,7.3,Fair,0,Bachelor,Average,2,Yes,35.6
1623,18,Female,4.6,1.2,0.5,No,92.8,8.2,Good,4,Master,Good,4,No,93
1624,21,Female,3.6,1.9,2.3,No,74.5,6.1,Good,5,Bachelor,Average,8,Yes,83.2
1625,18,Female,1.3,2.1,1.2,No,84.7,8.1,Poor,5,High School,Good,2,Yes,46.6
1626,21,Male,3,1.6,2.1,No,78.8,6.3,Good,6,Bachelor,Good,9,Yes,70.8
1627,22,Male,2.4,0.9,0.8,No,92.5,8.3,Fair,2,Bachelor,Average,9,No,78.3
1628,23,Male,4,2,2,No,85.3,6.5,Fair,4,Master,Good,2,Yes,70.7
1629,23,Male,5.5,2.7,3.2,Yes,91.9,7.3,Fair,6,High School,Good,1,No,82.6
1630,17,Female,0.7,3.2,2.4,No,95.9,8.3,Good,1,Master,Average,10,Yes,50.3
1631,20,Female,3.7,1.8,1.3,No,91.9,6.3,Fair,6,Master,Good,10,No,80.9
1632,21,Male,3.3,2,2.1,No,87.7,6.8,Poor,1,Bachelor,Poor,9,Yes,75.4
1633,17,Male,4.5,1.4,1.5,No,75,8,Good,2,Master,Good,2,Yes,83.7
1634,18,Female,3.8,2.5,1.8,No,85,6.3,Poor,5,High School,Average,8,No,76.8
1635,18,Male,2.4,1.5,1.4,No,79.7,4.9,Poor,1,Master,Poor,3,No,45.8
1636,17,Female,3,3.2,1.6,No,81.6,9.1,Fair,2,Bachelor,Average,1,Yes,58.4
1637,23,Female,2.3,0.4,2,No,81.3,5.9,Fair,6,None,Good,1,Yes,70.3
1638,18,Female,5.1,2.1,0.7,Yes,75.2,6.7,Fair,1,Master,Good,10,Yes,99.4
1639,24,Female,3.5,2.9,0.7,No,65.4,7.9,Poor,3,High School,Good,2,No,62.9
1640,22,Female,6.4,2.7,0.3,Yes,78.3,5.8,Good,0,High School,Average,7,No,98
1641,22,Male,3.4,5.7,0,No,86.9,5.3,Good,6,Bachelor,Poor,6,No,74.7
1642,24,Female,2.4,2.9,0.5,No,71.5,6.8,Fair,5,High School,Good,2,Yes,50.4
1643,17,Female,1.2,1.3,2,No,85.2,4.3,Fair,6,High School,Good,4,No,49.4
1644,24,Male,0.8,2.4,0.8,No,100,6.2,Fair,3,Bachelor,Average,2,Yes,35.3
1645,21,Female,1.1,0.4,2.4,Yes,95.2,6.8,Good,2,None,Average,1,Yes,46.3
1646,21,Female,3.9,2.4,1.8,No,100,6.2,Poor,2,High School,Average,3,No,68.4
1647,17,Female,4.3,1.5,0,No,88.9,4.6,Poor,6,None,Average,4,No,84.2
1648,24,Female,1.1,3.6,2.5,No,96.7,8.4,Good,3,High School,Good,10,Yes,54.6
1649,21,Female,4.8,1.8,2.7,No,77.8,6.6,Fair,6,Bachelor,Average,5,No,88
1650,23,Female,2.8,2.4,0.7,No,78.6,8.2,Fair,0,Bachelor,Good,5,No,61.5
1651,24,Female,3.7,1.7,2.3,Yes,57.6,6.2,Good,0,Master,Average,7,No,75.7
1652,23,Female,5.9,4.6,0.9,No,96.9,5.4,Good,4,Bachelor,Average,10,No,100
1653,21,Female,4.8,2.1,1.9,No,100,6.8,Fair,1,High School,Good,8,No,82.6
1654,22,Female,3.1,4.7,0.4,No,79.5,6.2,Good,4,Master,Good,9,No,71.5
1655,21,Female,2.2,3.5,0,No,82.5,5.1,Poor,0,Bachelor,Average,7,No,57.6
1656,23,Male,0.3,3.1,1.4,Yes,77.5,8.3,Good,3,Bachelor,Good,5,No,36.1
1657,19,Female,2.4,2.9,1.7,No,88.8,5.8,Fair,1,Bachelor,Average,9,Yes,67.4
1658,20,Female,3.2,3,1.4,Yes,96.2,4.3,Good,3,Master,Good,8,No,74.8
1659,18,Male,2,0.2,0.5,No,67.6,8.1,Good,4,Bachelor,Average,10,Yes,73.6
1660,24,Female,3.3,2.2,1.4,No,89.1,5.9,Good,2,High School,Good,9,Yes,79.5
1661,19,Male,3.6,3.5,2.1,No,82.2,5.8,Good,3,Bachelor,Poor,10,No,62.5
1662,21,Male,3.2,2.4,1.8,No,86.1,4.4,Fair,4,None,Average,8,Yes,76.3
1663,22,Female,2.5,0.8,2,No,89.6,8.6,Fair,4,High School,Good,6,No,75.6
1664,17,Male,3.8,2.4,1.1,No,83.1,5,Fair,4,High School,Good,4,No,64.4
1665,21,Female,4.2,4.5,3.1,No,84,6.6,Good,2,High School,Average,9,No,75.3
1666,22,Female,1.9,4,0.5,Yes,82.9,7.6,Good,2,None,Average,9,Yes,50.4
1667,20,Female,5.6,2.4,2.3,No,94.7,7,Fair,6,High School,Average,10,Yes,100
1668,21,Male,3.4,3.6,3.1,No,89.2,6.4,Good,2,Bachelor,Good,10,No,76.4
1669,23,Male,3.5,2.1,2.3,No,87.2,4.5,Good,1,Bachelor,Good,9,No,69.9
1670,17,Female,4.6,0.5,1.6,No,72.3,5.5,Good,2,Master,Good,10,Yes,88.9
1671,22,Other,3.8,1.4,1.2,No,81.2,6.7,Good,2,High School,Average,3,Yes,70.4
1672,22,Female,4.9,4.4,2.9,No,94,5.6,Fair,2,Bachelor,Good,3,No,69.4
1673,22,Male,3.9,2.2,0.2,No,85.4,6.7,Poor,3,Master,Average,6,Yes,84.9
1674,20,Female,2.6,2.2,0.7,No,91.6,7.3,Poor,2,High School,Poor,6,No,63.6
1675,21,Female,4,2.1,1.4,No,100,7.7,Fair,1,Bachelor,Good,6,No,82.2
1676,20,Female,1.8,4.8,3.2,No,95.4,5,Good,4,Bachelor,Good,5,No,37.4
1677,24,Male,3.7,4.5,2.2,No,85.9,9.1,Good,3,None,Good,5,No,73.8
1678,18,Female,3.5,5.2,0.7,Yes,79.9,7.4,Good,0,Master,Good,2,Yes,53.4
1679,18,Female,3.2,2.3,1.5,No,59.5,6.5,Good,2,Bachelor,Good,7,No,64.2
1680,24,Other,3.3,2.9,1.1,No,83.3,7.8,Poor,6,None,Good,4,No,70.4
1681,21,Male,0.7,0.7,1,No,81.7,9.3,Poor,6,None,Average,3,No,51.5
1682,23,Female,2.7,4.3,2.9,No,88.9,4.8,Poor,4,None,Average,8,No,53.4
1683,20,Female,3.6,1.1,0.3,Yes,83.5,6.2,Fair,4,High School,Good,4,No,77.2
1684,17,Male,3.7,2.8,3.6,No,81.8,3.6,Fair,3,Bachelor,Good,4,Yes,59.8
1685,22,Female,2,1.2,2.7,No,67.2,6.7,Poor,6,Bachelor,Average,8,No,55.4
1686,22,Female,5.4,1.8,3,Yes,75.6,6.9,Fair,0,High School,Average,1,No,69.9
1687,21,Male,2.2,1.5,1.3,Yes,89.8,6.5,Poor,5,Master,Average,9,No,71.6
1688,23,Male,5,1.8,1.6,No,100,5.7,Good,6,High School,Poor,7,No,92.9
1689,18,Female,4.1,1.9,0.2,No,84,4,Fair,6,None,Good,2,No,72.4
1690,18,Male,2.5,1.8,1.2,Yes,88.3,6.9,Fair,1,High School,Average,6,No,70.5
1691,22,Female,6.2,3.5,2.3,No,94.5,8.2,Fair,5,Bachelor,Good,8,No,100
1692,21,Male,1.7,1.2,3.2,No,76.9,5.8,Good,4,High School,Average,5,Yes,37.4
1693,20,Female,4.9,2.8,0.6,No,88.7,7,Fair,5,High School,Average,6,No,88.7
1694,18,Male,5,4,1.4,No,77.6,4.6,Fair,6,High School,Poor,10,No,88.6
1695,20,Female,2.5,1.9,1.6,No,93.6,7,Good,4,Bachelor,Good,8,No,68.5
1696,23,Other,5.6,1.6,0.3,No,86.5,6,Fair,5,Master,Good,6,No,100
1697,18,Other,3.1,2.2,2.5,No,88,5.6,Good,4,High School,Good,9,No,66.9
1698,18,Female,3.9,3.9,1,No,77.2,5.6,Fair,4,High School,Poor,9,No,71.5
1699,19,Male,3.9,2.7,1.6,No,92.1,6,Fair,3,Bachelor,Average,9,No,77.8
1700,18,Female,3.3,1.9,1.3,No,100,7,Poor,0,Bachelor,Poor,6,Yes,67.7
1701,24,Male,4.7,3.1,0.9,No,74.9,4.9,Good,4,High School,Average,9,Yes,96.4
1702,17,Male,4.7,1.2,1.8,No,81.6,6,Fair,1,Master,Good,3,No,83.1
1703,24,Male,0.9,3.3,1.6,Yes,87.3,6.5,Poor,6,Bachelor,Good,5,No,37.9
1704,21,Female,5.5,3,1.4,No,92.9,5.2,Fair,6,High School,Good,2,Yes,76.3
1705,21,Female,1,2.1,1,No,79.4,8.7,Fair,1,Bachelor,Average,8,Yes,52.6
1706,20,Female,5,1.5,2.2,No,56.7,5.5,Poor,2,Master,Average,4,No,83.6
1707,24,Male,5.2,1.4,3.6,No,98.6,5.7,Good,4,Bachelor,Average,6,No,92
1708,24,Male,1.9,3.1,2,No,92.6,5.3,Good,4,None,Poor,6,No,53.2
1709,24,Other,2.9,4,2.9,No,67.6,8.7,Poor,4,High School,Good,5,Yes,56.4
1710,23,Male,1.8,1.7,0.3,No,78.9,7.2,Fair,5,High School,Good,1,No,58.1
1711,18,Male,3.2,3.1,2,No,100,5.4,Good,4,High School,Average,7,No,70.9
1712,17,Male,3,0,0.6,Yes,99.5,7.8,Fair,4,Bachelor,Average,10,No,98.7
1713,20,Female,4.7,1.8,0.2,Yes,94.4,6.7,Fair,1,Bachelor,Good,8,No,83.3
1714,24,Female,5.5,2.5,1,No,83.2,6.8,Fair,0,Bachelor,Good,1,Yes,80.6
1715,24,Male,5.6,1.4,3.1,No,85.8,6.1,Good,0,Master,Good,10,No,91.3
1716,19,Male,2.7,1.4,2.8,No,83.7,5.6,Good,2,High School,Average,7,Yes,63.5
1717,20,Female,3.2,1.7,2.1,Yes,96.3,6.9,Good,1,Master,Average,4,Yes,66.3
1718,24,Female,1,2.9,0.1,No,76.2,5.8,Poor,4,Bachelor,Good,6,No,49.9
1719,20,Male,2.3,2.3,1.6,Yes,76.9,8.7,Fair,0,High School,Good,9,No,68.9
1720,18,Female,4.9,0,2.1,Yes,95.1,5,Good,3,Bachelor,Average,5,No,94.2
1721,19,Male,5.9,0,2,Yes,84.6,8.3,Poor,3,High School,Good,8,No,100
1722,20,Male,1.6,1.8,0,No,98.8,6.4,Good,3,Bachelor,Good,5,No,58.6
1723,17,Female,2.6,3,0.8,No,78.3,6.9,Good,4,Bachelor,Average,2,No,53.2
1724,17,Male,3.5,0,1.7,No,84.5,7.5,Poor,4,High School,Average,4,Yes,70.5
1725,21,Female,3.9,1.9,2.4,No,75.8,5.7,Good,2,Bachelor,Average,2,No,64
1726,19,Male,2.3,1.9,0,Yes,85.1,7.5,Fair,6,Bachelor,Poor,7,Yes,77.4
1727,19,Male,4.1,4.2,1.6,No,70.2,3.3,Good,2,High School,Good,7,No,57.4
1728,21,Other,2.8,2,2,No,80.1,5.6,Fair,2,None,Average,3,Yes,59.9
1729,20,Male,3.5,3,2.7,No,70.6,5.4,Fair,5,High School,Good,7,No,66.7
1730,19,Female,4.3,2.7,2.6,Yes,91.9,5,Good,3,Bachelor,Good,1,No,58.4
1731,17,Male,3.5,0,2.4,No,92.2,6.2,Good,4,Master,Poor,1,No,63.6
1732,17,Male,2.8,3.4,0.9,No,67.7,7,Poor,3,Master,Average,9,No,62.6
1733,24,Male,3.3,2.8,0,No,98.3,7.3,Fair,2,Bachelor,Good,6,No,70.6
1734,18,Female,3.4,3.1,1.4,No,100,6.8,Poor,4,Bachelor,Good,5,No,75.2
1735,19,Male,2.9,7.2,2.9,Yes,85.5,5.7,Fair,1,High School,Good,6,No,50.1
1736,20,Female,3.1,0,3.3,No,78.6,6.9,Fair,0,Bachelor,Average,6,No,72.8
1737,21,Male,5.9,4.6,2.6,Yes,100,6.6,Fair,0,High School,Average,1,Yes,72.7
1738,21,Other,4.3,2.2,2.3,No,71.8,7.6,Fair,2,High School,Good,5,Yes,76
1739,20,Male,3.1,2.8,2.2,No,85.2,7.4,Poor,6,Bachelor,Good,9,Yes,74.1
1740,23,Female,4.5,2.4,1.2,Yes,86.8,6.5,Poor,3,None,Average,4,Yes,79
1741,22,Female,3,2,1.7,No,98.5,5.4,Poor,1,Bachelor,Good,3,No,51.3
1742,18,Female,5.3,1.8,3.6,No,88.6,5.7,Fair,4,Bachelor,Average,1,Yes,71
1743,21,Female,4.1,2.9,0.8,Yes,80,5.8,Good,6,High School,Good,2,Yes,76.4
1744,19,Female,3.3,0.7,3.6,No,75.5,6.1,Poor,3,High School,Good,3,Yes,52.6
1745,18,Female,4.2,3.4,1.4,No,81.6,6.8,Good,2,Master,Average,4,No,74
1746,19,Male,1.1,2,3.3,No,74.9,7.4,Good,3,Bachelor,Good,7,No,42.6
1747,23,Male,1.8,1.1,0.3,No,85.5,6.4,Good,2,High School,Average,6,No,49.8
1748,17,Female,1.7,2,2.4,No,79.4,6.5,Good,5,High School,Average,8,No,45.7
1749,18,Female,3.7,4,1,No,70.1,6.7,Good,0,Bachelor,Poor,9,Yes,77.2
1750,24,Female,6.1,1.9,0.2,No,97.6,5.9,Poor,6,Bachelor,Poor,6,No,98.5
1751,21,Female,6.8,2.9,2,No,80,5.4,Fair,0,High School,Average,7,No,96.2
1752,18,Male,4.5,1.6,2.9,Yes,72.3,4.4,Good,3,High School,Good,4,Yes,71.3
1753,18,Male,4.3,3.4,0.9,No,83.3,5.7,Fair,1,Master,Good,2,No,59.2
1754,18,Female,0.8,3.3,0.2,No,85.7,7.1,Good,4,Bachelor,Poor,9,No,51.8
1755,22,Male,2.7,4.7,1.7,Yes,67.5,5.7,Poor,2,Master,Good,9,No,59.3
1756,18,Male,2.3,2.3,1.7,No,88.3,6.2,Good,4,Bachelor,Good,4,No,58.5
1757,19,Female,2.6,3.3,2.4,No,74.5,7.1,Fair,0,Master,Good,3,Yes,44.5
1758,17,Male,3.2,2.6,2.8,No,100,7.1,Fair,1,High School,Good,10,Yes,75.4
1759,23,Female,2.8,4.1,1.7,Yes,90.2,5.2,Fair,1,Bachelor,Average,6,Yes,54.9
1760,20,Male,0.5,1.6,3.8,Yes,81,7.7,Good,4,None,Average,3,Yes,30.2
1761,18,Female,4.6,3.4,2,No,77.5,7.9,Good,0,Bachelor,Good,1,Yes,71.8
1762,21,Male,1.9,2.3,1.4,No,84,5.1,Fair,4,High School,Poor,4,No,51.8
1763,18,Male,3.9,2.4,0,Yes,91.1,5.5,Good,3,High School,Poor,1,Yes,59.5
1764,21,Male,6.6,2.6,1.5,No,84.7,7.9,Fair,1,Master,Poor,2,No,96.6
1765,19,Male,2.1,2.8,1.4,Yes,82.8,6.3,Poor,1,Master,Average,3,No,44.1
1766,21,Male,0,2.4,2.9,No,85.6,3.8,Poor,3,None,Average,8,No,30.5
1767,24,Male,3.1,2.8,2.3,No,79,4.8,Poor,0,Bachelor,Average,10,No,63.7
1768,20,Female,5.2,4.4,0.5,No,81.6,6.2,Fair,1,High School,Poor,4,No,74
1769,17,Male,6.4,3.7,2,No,64.1,5.1,Fair,6,High School,Good,4,No,98.8
1770,21,Female,1.7,3.5,2.5,No,94.7,6,Good,5,Bachelor,Good,10,No,53
1771,21,Female,4.2,2,3.5,No,88,6.5,Good,5,High School,Average,9,No,84.6
1772,17,Female,2.8,1.4,2.8,No,77.3,8.3,Poor,5,Master,Poor,7,No,73
1773,20,Male,3.3,3.6,2.6,No,100,6.2,Fair,2,High School,Poor,2,Yes,57.1
1774,18,Female,7.5,3.6,1.9,Yes,85.9,7.8,Fair,6,Bachelor,Average,3,No,100
1775,21,Male,1.2,4.3,2.2,No,74.6,8.2,Fair,2,Bachelor,Average,4,No,36.2
1776,17,Male,3.9,1.8,3.2,No,93.6,8.2,Poor,0,High School,Average,4,No,65.6
1777,24,Other,4.2,2.2,0.3,Yes,89,6.8,Poor,3,High School,Good,10,Yes,87.5
1778,24,Male,5.1,0.5,1.4,No,88.9,4.1,Good,4,Bachelor,Average,8,No,100
1779,19,Female,3.6,2,1,Yes,80.7,7.1,Good,6,Bachelor,Average,10,No,85.6
1780,17,Female,4,3.7,2.2,No,89.5,7.8,Poor,0,High School,Average,10,Yes,89.4
1781,19,Female,2.9,1.9,3.2,No,82.4,6.4,Fair,4,Bachelor,Good,6,No,66.9
1782,24,Female,3.9,3.3,1.1,Yes,90.6,8.6,Fair,0,None,Good,3,No,56
1783,20,Male,3,2.3,0,No,66,7.5,Good,2,High School,Good,9,No,77.9
1784,18,Male,4.4,2.9,1.3,No,80.7,7.2,Fair,5,High School,Good,10,No,91.3
1785,17,Female,2.9,1.1,2.8,No,100,7.8,Poor,3,None,Average,8,No,68.4
1786,23,Male,4.1,2.6,2.4,No,77.3,6.9,Good,2,Bachelor,Average,9,No,85.3
1787,24,Male,3.5,0,2.3,No,79,3.5,Fair,3,Bachelor,Good,5,Yes,64.4
1788,24,Male,5.2,2.3,1.5,No,80.5,5.9,Fair,6,Master,Poor,3,No,82.8
1789,23,Male,3.4,0.5,0.4,No,72.9,7.9,Fair,4,Bachelor,Good,4,No,78
1790,22,Male,0.8,3.9,2.4,No,62.9,5.5,Fair,0,Master,Good,5,No,31.5
1791,24,Male,5.4,3.4,0.9,No,82.7,6.2,Fair,1,Bachelor,Good,9,No,92.3
1792,21,Female,2.1,3.1,4.2,No,86.4,5.2,Fair,1,Bachelor,Poor,9,Yes,50.1
1793,20,Female,2.5,4.3,2.4,No,84.5,8.6,Fair,3,Master,Good,3,No,49.4
1794,17,Female,2.6,1.4,1.2,No,83.6,8.5,Poor,5,Bachelor,Average,7,No,80.3
1795,23,Male,5.6,4.6,1.1,No,85.4,5.4,Good,5,None,Poor,6,Yes,89.7
1796,21,Male,0.3,3.6,1.7,No,95.2,6.7,Poor,3,Bachelor,Average,4,Yes,33.6
1797,23,Male,8.2,2.2,1.5,No,83.1,5.7,Poor,2,Master,Good,5,Yes,100
1798,17,Female,5.1,3.9,3,No,79.3,7.2,Good,1,Bachelor,Average,10,No,90.6
1799,19,Female,3.8,1.2,2,No,82.2,7.1,Good,2,Bachelor,Average,2,Yes,66.3
1800,17,Male,3.4,1.5,1,No,90.8,7.5,Good,4,Bachelor,Poor,7,Yes,86.1
1801,22,Female,3.9,1.8,3.9,No,99.1,6.9,Fair,1,Master,Good,4,No,65.5
1802,17,Male,4.3,1.9,1.9,No,78.7,10,Fair,4,None,Good,2,No,82.9
1803,17,Female,4.5,1.2,2.6,No,86,5.3,Good,0,Bachelor,Good,6,Yes,76.3
1804,22,Female,4.3,4,1.1,Yes,88.4,4.4,Good,2,High School,Average,2,Yes,59
1805,20,Female,3.6,2.2,2.2,No,75.1,6,Fair,3,Bachelor,Average,10,Yes,76.1
1806,24,Female,3.2,2.9,2.1,No,85.2,4.6,Good,1,Bachelor,Good,2,Yes,40.3
1807,17,Female,3.3,1.8,0,No,70.3,4.7,Poor,2,High School,Average,7,Yes,65.2
1808,22,Male,3.2,0.3,4,Yes,67.3,5.3,Good,3,High School,Good,1,No,43.9
1809,21,Female,5.2,2.8,3.2,No,88.7,5.4,Good,0,Bachelor,Good,7,Yes,89.5
1810,19,Male,4.4,0.2,1.4,No,81.2,5.4,Good,1,High School,Average,10,No,80.7
1811,19,Female,0,2.4,0.6,Yes,87,7.1,Good,4,High School,Average,5,No,53
1812,17,Female,4.5,0.9,2.2,No,84.8,5.9,Good,0,Bachelor,Good,1,No,70.6
1813,20,Female,3.8,4.9,1.9,No,75.2,6.3,Poor,5,High School,Average,6,No,65.5
1814,20,Male,3.5,3.6,2.2,No,84.5,7.6,Fair,3,High School,Average,7,No,75.1
1815,21,Female,2.9,2.6,2,No,72.7,5.6,Poor,1,Master,Good,1,No,43.5
1816,17,Female,5.2,4,2.4,No,98.9,6.2,Fair,1,High School,Average,9,No,80.6
1817,19,Female,4.9,1.5,3.4,No,71.4,6.9,Good,6,High School,Good,7,Yes,88.2
1818,20,Male,2.3,3.2,2.4,No,83,4.2,Fair,6,Bachelor,Poor,1,Yes,48.5
1819,17,Male,4.1,2.7,0.6,No,74.6,3.6,Fair,0,Bachelor,Good,3,No,67.3
1820,23,Male,2,2.8,3.3,No,90.7,6.9,Fair,1,Master,Poor,5,No,50.7
1821,20,Male,1.4,4,3.6,No,81.7,7.1,Good,3,Master,Poor,4,No,35.4
1822,22,Female,2.6,3.4,5.3,No,79.8,9,Poor,0,Bachelor,Good,2,No,49.1
1823,23,Male,4.8,2.8,0.6,No,93.5,6.7,Fair,4,High School,Good,1,No,85.4
1824,24,Other,4.9,0.5,2.1,No,85.3,7.5,Poor,0,None,Average,4,No,83.9
1825,20,Male,4.3,1.3,0,Yes,90.2,6.3,Good,0,High School,Average,7,No,90.4
1826,19,Male,4.6,2.4,2.4,No,75.2,6.9,Poor,4,High School,Good,4,No,87.8
1827,18,Female,4.3,2.6,1.2,No,71,8.5,Good,5,Bachelor,Average,9,No,87.5
1828,23,Female,2.5,1.1,3.9,No,86.1,4,Fair,6,Bachelor,Good,8,No,58.2
1829,24,Female,4.1,5.4,0.9,No,81.8,7,Poor,3,None,Good,8,Yes,73.2
1830,21,Female,4.7,4.3,0,No,91.3,9.1,Good,5,Bachelor,Good,5,No,83.5
1831,21,Female,4.6,3.2,1.3,No,84.2,6.8,Poor,5,High School,Average,1,Yes,77.6
1832,19,Male,5.3,2.6,0,Yes,87.1,8.5,Fair,5,High School,Average,9,Yes,98.4
1833,20,Other,4.6,2.2,2.6,No,68.8,5.7,Poor,6,Bachelor,Good,2,No,78.5
1834,17,Other,4,1.4,0,Yes,100,6.5,Fair,2,High School,Poor,6,Yes,81.1
1835,20,Female,5.1,2.6,1.8,No,83.4,6.5,Fair,6,High School,Average,10,No,100
1836,19,Male,3.5,2.8,0,No,92,3.8,Fair,5,None,Poor,5,Yes,58.7
1837,21,Female,2.2,1,1.4,No,76.6,5.1,Poor,2,High School,Poor,10,No,62.6
1838,20,Male,3.3,2.9,3.6,No,88.1,5.2,Fair,4,Bachelor,Average,8,Yes,60.3
1839,21,Male,2.4,2.3,2.2,No,72,7.5,Good,6,Master,Average,3,No,63.9
1840,23,Male,2.5,0.2,0.9,Yes,89.5,7.5,Good,3,High School,Good,6,Yes,80
1841,24,Male,3.3,1.5,1.8,Yes,81.4,6.9,Fair,5,High School,Average,6,No,62.6
1842,17,Female,2.3,2,1.8,No,85.3,7.5,Fair,1,Bachelor,Average,10,No,71.4
1843,23,Female,3,4.8,2.3,Yes,92,6.3,Fair,4,Master,Poor,3,No,60.6
1844,21,Female,0.7,3.2,0.3,Yes,72.7,7.9,Fair,2,High School,Good,7,Yes,47.2
1845,21,Male,3.8,0.9,2.5,No,78.2,6.5,Poor,6,High School,Average,4,Yes,78.1
1846,18,Male,3.5,3.1,0,No,89.6,6.6,Fair,3,Bachelor,Good,5,Yes,75.5
1847,18,Male,2.3,0.6,1.1,No,100,6.2,Fair,0,Bachelor,Good,9,No,73.5
1848,23,Other,4.5,3.8,1.3,No,83.6,7.3,Fair,3,High School,Poor,6,No,74.6
1849,22,Male,4.9,1.9,2.5,No,90.9,6,Fair,3,Bachelor,Average,10,No,98.7
1850,23,Female,1.1,2.4,1.8,No,83.9,7.7,Good,5,High School,Average,4,Yes,49.2
1851,18,Female,2.4,4.1,0.3,No,100,5.1,Poor,5,Bachelor,Good,8,No,67.4
1852,21,Male,2.3,1,0.7,No,67.5,5.2,Good,6,Bachelor,Good,9,No,72.5
1853,19,Female,2.1,0.8,2,No,85.9,7.3,Good,6,Master,Good,10,Yes,68.4
1854,23,Female,4.7,1.8,1.7,No,68.7,6.4,Fair,2,High School,Average,5,No,70
1855,21,Female,3.2,3.7,1.2,No,59.9,6,Fair,6,High School,Good,2,No,56.1
1856,19,Female,3.1,0.7,1.3,Yes,88,7.6,Fair,2,High School,Poor,6,Yes,81.5
1857,19,Male,0.5,0,2.6,Yes,86.4,5.8,Poor,5,Master,Poor,8,Yes,45
1858,18,Male,4.5,2,1.2,Yes,82.2,6.3,Fair,5,High School,Good,5,Yes,84.4
1859,23,Female,1.6,3.2,1.7,No,83.9,8.2,Good,1,High School,Good,1,No,36.8
1860,20,Female,3.6,3.9,4.2,No,100,8.3,Poor,1,High School,Poor,8,Yes,65.6
1861,17,Male,3.9,1.9,0.2,No,82.4,8.4,Fair,4,Bachelor,Poor,9,Yes,93.5
1862,18,Female,5.5,2,0,No,90.1,6.2,Good,5,High School,Poor,1,No,93.7
1863,18,Female,1.5,3.9,2.7,No,78.5,8,Good,0,High School,Poor,8,Yes,42.3
1864,20,Female,0,0.3,1.1,Yes,88,5.4,Fair,1,High School,Average,10,Yes,53.3
1865,17,Male,3.8,2,1.4,No,82.6,5.4,Good,2,Master,Good,2,No,65.9
1866,21,Female,6.2,2.7,0.9,No,80.9,3.7,Fair,3,Bachelor,Good,4,Yes,87.9
1867,22,Female,5.4,3,1.5,No,100,8.5,Poor,6,Bachelor,Good,2,No,94.5
1868,23,Male,3.8,1.9,3.6,No,96.8,5.5,Fair,6,Master,Good,2,No,77.8
1869,22,Male,2.8,2.5,2.7,Yes,86.4,6.3,Fair,4,Master,Average,10,No,74.6
1870,21,Other,4.7,0,2.7,Yes,62,5.4,Good,1,High School,Good,3,No,67.5
1871,24,Male,2,1.7,0.2,Yes,81.4,7.3,Poor,3,Master,Good,8,Yes,66.5
1872,18,Female,4.2,3,0.5,No,100,6,Fair,3,None,Average,4,No,78.4
1873,17,Female,4.3,1.3,0,No,82.7,4.9,Fair,1,High School,Good,7,No,84.9
1874,18,Male,5.1,2.6,0.9,No,96,7,Fair,0,Master,Average,10,No,96.6
1875,19,Female,7.6,3,2.9,No,99.4,4.8,Poor,0,High School,Good,3,No,100
1876,18,Male,4.1,2.1,2.4,No,87.2,5.5,Fair,4,High School,Good,10,No,83.1
1877,18,Female,2.7,2.7,1.6,No,76.6,4,Good,0,High School,Average,3,No,36.9
1878,21,Male,3.5,1.3,1.8,Yes,60.6,4.8,Fair,4,Bachelor,Good,2,No,60
1879,21,Female,0.8,2.3,1,No,91.8,6.7,Fair,2,High School,Poor,6,No,44.3
1880,21,Male,2.5,3.2,2,No,76.9,4.1,Fair,1,Bachelor,Good,6,No,41.6
1881,22,Male,2.9,2.7,2.6,Yes,86.8,4.7,Fair,3,Master,Average,1,No,45.5
1882,19,Other,2.7,1.8,0,No,72.5,6.5,Fair,4,Bachelor,Poor,7,No,68.2
1883,24,Male,3.7,2.8,2.1,No,82.3,5.8,Good,6,High School,Average,4,No,75.5
1884,24,Female,2.3,3.4,2.8,No,85.3,8.9,Good,0,Master,Good,3,No,40.9
1885,21,Male,5.2,0,1.3,No,87.7,8.7,Fair,6,High School,Poor,8,No,100
1886,17,Female,3.5,3.9,2.6,No,73.9,5.5,Fair,4,High School,Good,2,Yes,65.6
1887,22,Male,3.5,2.1,4.9,No,97,7.2,Good,5,None,Poor,9,No,75.9
1888,20,Other,3,3,1.7,Yes,79,7.4,Fair,4,Bachelor,Good,8,Yes,69.8
1889,17,Male,3.7,3.9,2.2,Yes,68.3,5.8,Fair,0,High School,Good,8,No,66.6
1890,23,Male,4.7,0.9,1,Yes,83.9,4.7,Fair,5,High School,Average,3,No,84.5
1891,23,Male,2.2,1.6,2,Yes,85.3,6.5,Good,5,High School,Average,4,Yes,65.6
1892,17,Male,2.5,2.2,2.3,No,86.6,6.3,Fair,0,High School,Good,2,No,46.8
1893,21,Female,3,1.6,2,No,98.6,6,Good,5,Bachelor,Good,2,No,67.7
1894,20,Male,1.5,4.6,0.7,Yes,82.6,7,Good,1,Bachelor,Good,4,Yes,45.4
1895,20,Female,2.3,1.5,2,No,83.8,5.6,Fair,3,Bachelor,Average,6,No,57
1896,22,Male,2.8,1.8,3.4,Yes,74,5.1,Good,6,High School,Average,5,No,58.4
1897,20,Male,4.8,2.7,2.3,No,93.2,6.6,Good,1,High School,Good,1,Yes,70.8
1898,23,Female,3.9,1.1,2.9,No,86.8,7,Fair,1,Master,Average,10,No,75.7
1899,19,Female,3.8,2,1.5,No,80.8,5.1,Poor,0,None,Average,1,No,55.7
1900,21,Male,4.8,2.9,2.6,No,66,7.6,Poor,0,Master,Average,6,Yes,82.1
1901,20,Male,3.3,2.1,2.1,No,99.4,4.4,Fair,6,High School,Good,3,Yes,71.4
1902,22,Male,4.1,2.4,0.8,No,72.7,5.8,Fair,3,Master,Good,3,No,66.7
1903,23,Female,3.3,1.9,2.2,No,79.1,6.2,Fair,4,High School,Average,7,No,70.9
1904,19,Female,3.9,0.7,0.7,Yes,88.6,5.7,Poor,1,High School,Poor,1,Yes,73
1905,18,Male,2.6,2.9,1.1,Yes,73,5.8,Good,5,Bachelor,Poor,1,Yes,53.9
1906,18,Female,0,4.6,2,Yes,70.1,8.7,Fair,3,Bachelor,Average,10,No,43.4
1907,19,Female,3.3,2.5,2.1,No,63.8,5.5,Fair,1,High School,Average,3,No,55.4
1908,23,Female,5.6,2.8,0.5,Yes,92.2,9.4,Fair,4,Bachelor,Good,8,No,100
1909,22,Female,4.9,3.3,3,No,79.5,7,Fair,5,Bachelor,Average,1,No,71.8
1910,19,Male,4.9,1,2.4,No,100,6.6,Fair,1,None,Average,10,No,89.2
1911,21,Male,5.4,4.5,1,No,75.1,7.1,Fair,2,None,Good,4,No,83.9
1912,21,Male,3.6,2.7,0.1,No,75.8,9.5,Poor,6,High School,Average,9,No,89.1
1913,18,Male,3.8,4.5,1.6,Yes,79.3,5.3,Good,3,High School,Good,4,No,53.5
1914,20,Female,2.6,1.6,1.3,Yes,87.4,5.2,Good,6,Bachelor,Poor,10,No,72.9
1915,22,Female,3,4.7,1.9,No,80.3,5.6,Fair,0,High School,Average,8,No,61
1916,18,Male,4.4,3.4,1.4,No,91.1,6.5,Good,1,High School,Good,7,No,69.1
1917,20,Male,5.3,3.2,0,No,75.2,4.4,Good,5,High School,Good,3,No,77.2
1918,20,Male,3.3,2.8,1.4,Yes,71.2,6.5,Poor,5,Bachelor,Average,7,No,71.9
1919,24,Female,2.8,2.2,1.5,No,67,8.5,Good,3,High School,Good,7,Yes,74.7
1920,21,Male,3.5,3.9,2.5,Yes,62.8,6.7,Good,3,None,Good,10,No,74.5
1921,23,Female,4.4,2.7,1,No,79.8,6.1,Fair,6,None,Average,3,No,85.4
1922,17,Male,1.3,0.1,3.6,No,82,5.8,Poor,5,Master,Average,2,Yes,44.3
1923,23,Male,0.1,1.2,0,No,78.7,7.6,Poor,5,High School,Good,9,No,53.4
1924,17,Other,2.7,2.3,3.2,Yes,97.4,5.5,Poor,5,Bachelor,Average,1,Yes,57.4
1925,19,Other,1.7,2.9,1.6,Yes,97.3,8.7,Good,1,None,Good,7,No,53.6
1926,21,Male,2.7,2.4,2.7,No,81.7,8.8,Fair,5,High School,Good,4,Yes,58.8
1927,20,Female,3.3,4,1.9,No,67.1,6.8,Good,0,Bachelor,Good,2,No,43.5
1928,22,Female,2.8,0.2,3.1,No,79.3,6.5,Good,5,High School,Average,2,No,65.6
1929,17,Female,5.7,2.7,1.4,No,79,7.7,Good,0,Master,Average,8,Yes,89.8
1930,23,Male,4,0.3,0.6,No,78.4,7.8,Good,1,Master,Good,7,No,89.5
1931,20,Female,4,3.4,3.4,Yes,78,5.5,Poor,3,Bachelor,Average,7,Yes,68.8
1932,17,Female,4.4,2.4,1.7,No,78.5,5.9,Fair,0,Bachelor,Average,5,No,76.8
1933,17,Female,1.8,3,2,No,81.1,4.9,Good,1,High School,Average,10,No,47.5
1934,24,Male,5.1,1.5,3.2,No,78.6,7,Poor,5,High School,Poor,8,Yes,89.3
1935,17,Male,3.4,4,0.7,Yes,87.1,7.3,Poor,1,Master,Good,2,No,62
1936,22,Male,4.5,3.8,2.5,No,88.6,4.9,Good,5,Bachelor,Average,2,Yes,66.1
1937,21,Female,1.9,3.2,1.2,No,75.9,6,Good,6,Bachelor,Good,5,No,41.7
1938,22,Male,1.2,2.3,1.7,No,97.7,4.9,Fair,1,High School,Poor,1,No,28
1939,18,Female,4.7,3.2,1.9,No,75.2,5.4,Good,3,None,Good,6,No,71
1940,20,Other,4.1,1.7,0.1,Yes,68.8,7.2,Good,0,Master,Average,4,No,67.5
1941,21,Male,2.1,3.5,0.9,No,88.8,5.6,Fair,6,High School,Good,6,No,63.4
1942,24,Female,2.2,4.5,3.3,No,76.8,6.1,Poor,3,High School,Good,7,No,50.2
1943,21,Male,5.2,3.8,2.8,No,88.2,4.5,Good,2,High School,Poor,3,No,72
1944,21,Female,1.7,1.6,1.7,No,61,6.7,Fair,5,Bachelor,Good,8,Yes,67.9
1945,23,Male,6,2.9,2.1,Yes,98.9,6.4,Poor,0,None,Average,7,No,100
1946,21,Female,2.1,0.9,1.5,No,91.7,5.6,Fair,3,Bachelor,Good,1,Yes,55
1947,24,Female,4.5,3.2,3.3,Yes,70,6.3,Good,0,High School,Good,6,Yes,59.9
1948,22,Female,3,3,1.6,No,70.2,6.7,Fair,2,Master,Good,7,No,63.2
1949,21,Female,4.4,0.3,2.1,No,100,5.5,Fair,4,Bachelor,Good,4,No,84.5
1950,19,Female,2.7,1.1,3.1,No,77.6,4.7,Fair,5,High School,Average,2,No,50.8
1951,20,Female,3.3,2.2,0.9,No,76.7,8.7,Good,5,Bachelor,Poor,10,No,94
1952,21,Female,3.6,2.1,3.5,Yes,62.3,5.7,Poor,1,High School,Average,9,No,65.6
1953,20,Female,2,1,0.1,No,81.5,6.4,Fair,5,High School,Average,7,No,61.7
1954,19,Male,4.6,3,3.6,No,82.7,7.7,Good,5,Master,Good,1,Yes,66
1955,19,Female,2.7,2.8,1.4,Yes,92.2,10,Poor,3,High School,Average,8,No,86.9
1956,20,Female,3.2,2.3,1.5,No,71,5,Good,6,High School,Good,3,No,59.6
1957,17,Female,2,1.6,0,No,69.8,7,Good,5,High School,Average,4,No,49.1
1958,18,Male,0,3.8,1.3,Yes,89.5,5.7,Good,5,High School,Average,5,No,31.1
1959,23,Female,3.2,4.5,0.7,No,95.1,5.9,Fair,2,Master,Good,1,No,45.7
1960,17,Male,7.1,1.9,1.1,Yes,69.3,5.6,Good,6,High School,Average,6,No,100
1961,17,Female,4.7,1.8,1.6,No,95.8,5.1,Good,2,Master,Good,10,No,81.1
1962,22,Male,3.5,3.1,2.9,Yes,85.4,6.5,Good,0,Master,Average,6,No,55.1
1963,23,Female,3.1,2.1,2,No,95.9,4.7,Poor,0,High School,Good,2,No,53.3
1964,23,Other,3.5,2.3,2.1,No,84.3,7.6,Good,5,High School,Poor,10,Yes,89.1
1965,17,Male,4.3,3.4,0.6,No,59.8,6.6,Fair,5,Master,Average,6,Yes,77.3
1966,21,Other,1.7,0.2,0.8,No,83.5,7,Poor,1,High School,Good,8,Yes,56.4
1967,22,Male,5.2,4.1,3.8,No,95.6,5.9,Fair,0,None,Good,6,No,76.1
1968,22,Female,4.6,2.6,1,No,76.1,6.1,Good,3,High School,Average,4,No,74.6
1969,19,Female,4.6,2,3.6,Yes,81.1,6.8,Fair,5,Bachelor,Average,4,No,83
1970,24,Female,4.2,2.4,1.5,No,83.2,5.1,Fair,3,Bachelor,Average,9,Yes,85.9
1971,23,Female,3.5,2.5,1.8,No,56,6.1,Good,5,High School,Average,6,No,64.5
1972,17,Female,4.5,0.4,3,No,100,5.5,Fair,3,High School,Good,8,No,91.9
1973,19,Male,4.4,4.3,3.2,No,76,5.4,Good,4,Master,Good,8,No,74.6
1974,20,Male,3,2.5,1.7,No,90.1,4,Fair,3,Bachelor,Poor,7,No,70.9
1975,18,Female,2.6,3,1.4,No,84.1,8.1,Fair,6,Bachelor,Average,3,No,66.7
1976,24,Female,3.7,3.6,1.7,No,97.6,5.7,Good,0,Bachelor,Good,10,Yes,77.4
1977,24,Female,5.8,1.3,2.2,Yes,89.1,7.9,Good,5,High School,Average,1,Yes,99
1978,24,Female,1.6,3.1,2.8,No,82.7,7.8,Fair,0,Bachelor,Good,5,Yes,43.5
1979,22,Male,1.3,2.2,1.8,No,76.1,5,Good,6,High School,Poor,10,No,53.4
1980,20,Female,3.7,3.5,2.5,No,93,5.2,Poor,6,High School,Good,10,Yes,81
1981,24,Male,3.6,0,3.6,No,66.3,9.6,Fair,3,Bachelor,Average,2,No,66.2
1982,20,Female,3.8,2.4,2.2,Yes,91.5,8.6,Fair,2,High School,Good,10,No,88
1983,21,Male,3.9,1.8,2.1,No,74,6.5,Poor,2,Master,Average,2,No,64.4
1984,24,Male,3.2,3,0.1,No,97.5,6.8,Fair,6,High School,Average,7,No,82.4
1985,18,Male,5.7,3.1,0,Yes,86.6,5.7,Fair,2,Master,Good,3,Yes,80.9
1986,20,Male,1.1,1.7,2.2,No,91.4,7,Poor,5,Master,Poor,8,No,59.6
1987,20,Female,2.3,1.6,1.7,Yes,85.8,5.6,Fair,1,High School,Average,9,No,56.2
1988,18,Male,3.3,2.4,1.2,No,67.5,4.1,Fair,4,Bachelor,Average,8,Yes,72.5
1989,24,Male,1,1.4,2.1,Yes,76.4,4.9,Fair,3,High School,Average,6,No,47.6
1990,18,Male,3.2,3.5,1.7,No,91.7,6.5,Good,1,Master,Good,5,No,63.6
1991,20,Male,6,2.1,3,No,86.7,5.1,Good,2,High School,Good,3,No,85.3
1992,18,Male,3.5,0,1.9,No,96.8,6.4,Fair,3,Bachelor,Poor,3,No,71.8
1993,20,Male,3.8,2.1,1,No,89,5.2,Good,1,High School,Good,7,No,70.9
1994,20,Female,1.6,1.3,2.9,No,75.3,5.6,Good,0,High School,Average,5,No,41.7
1995,21,Female,2.6,0.5,1.6,No,77,7.5,Fair,2,High School,Good,6,Yes,76.1
1996,17,Female,2.9,1,2.4,Yes,86,6.8,Poor,1,High School,Average,6,Yes,65.9
1997,20,Male,3,2.6,1.3,No,61.9,6.5,Good,5,Bachelor,Good,9,Yes,64.4
1998,24,Male,5.4,4.1,1.1,Yes,100,7.6,Fair,0,Bachelor,Average,1,No,69.7
1999,19,Female,4.3,2.9,1.9,No,89.4,7.1,Good,2,Bachelor,Average,8,No,74.9
